patient_id,mut_m41,mut_44,mut_a62,mut_k65,mut_d67,mut_t69,mut_k70,mut_l74,mut_v75,mut_f77,mut_v90,mut_a98,mut_l100,mut_k101,mut_k103,mut_v106,mut_v108,mut_g109,mut_y115,mut_f116,mut_118,mut_e138,mut_q151,mut_v179,mut_y181,mut_m184,mut_y188,mut_g190,mut_l210,mut_t215,mut_k219,mut_h221,mut_p225,mut_f227,mut_m230,mut_234,mut_236,mut_238,mut_y318,mut_333,mut_n348,mut_l10,mut_v11,mut_13,mut_g16,mut_k20,mut_23,mut_l24,mut_d30,mut_v32,mut_l33,mut_35,mut_m36,mut_k43,mut_m46,mut_i47,mut_g48,mut_i50,mut_f53,mut_i54,mut_q58,mut_d60,mut_i62,mut_l63,mut_a71,mut_g73,mut_t74,mut_l76,mut_v77,mut_v82,mut_n83,mut_i84,mut_i85,mut_n88,mut_l89,mut_l90,mut_i93
CAS001,M (WT),E (WT),A (WT),K (WT),D (WT),T (WT),K (WT),L (WT),V (WT),F (WT),V (WT),A (WT),L (WT),K (WT),K (WT),V (WT),V (WT),G (WT),Y (WT),F (WT),V (WT),E (WT),Q (WT),V (WT),Y (WT),M (WT),N,G (WT),L (WT),T (WT),K (WT),H (WT),P (WT),F (WT),M (WT),L (WT),P (WT),K (WT),Y (WT),G (WT),N (WT),L (WT),V (WT),,G (WT),K (WT),,L (WT),N,V (WT),L (WT),E (WT),M (WT),K (WT),M (WT),I (WT),G (WT),I (WT),F (WT),I (WT),Q (WT),D (WT),I (WT),L (WT),A (WT),G (WT),T (WT),L (WT),V (WT),V (WT),N (WT),I (WT),I (WT),N (WT),L (WT),M,I (WT)
CAS002,,,,,,,,,,,,,,,,,,,,,,,,,,,,,,,,,,,,,,,,,,,,,,,,,,,,,,,,,,,,,,,,,,,,,,,,,,,,,
CAS003,M (WT),E (WT),A (WT),K (WT),D (WT),T (WT),K (WT),L (WT),V (WT),F (WT),V (WT),A (WT),L (WT),K (WT),K (WT),V (WT),V (WT),G (WT),Y (WT),F (WT),V (WT),E (WT),Q (WT),V (WT),Y (WT),M (WT),N,G (WT),L (WT),T (WT),K (WT),H (WT),P (WT),F (WT),M (WT),L (WT),P (WT),K (WT),Y (WT),G (WT),N (WT),L (WT),V (WT),,G (WT),K (WT),,L (WT),D (WT),V (WT),L (WT),E (WT),M (WT),K (WT),M (WT),I (WT),G (WT),I (WT),F (WT),I (WT),Q (WT),D (WT),I (WT),L (WT),A (WT),G (WT),T (WT),L (WT),V (WT),V (WT),N (WT),I (WT),I (WT),N (WT),L (WT),M,I (WT)
CAS004,,,,,,,,,,,,,,,,,,,,,,,,,,,,,,,,,,,,,,,,,,,,,,,,,,,,,,,,,,,,,,,,,,,,,,,,,,,,,
CAS005,,,,,,,,,,,,,,,,,,,,,,,,,,,,,,,,,,,,,,,,,,,,,,,,,,,,,,,,,,,,,,,,,,,,,,,,,,,,,
CAS006,,,,,,,,,,,,,,,,,,,,,,,,,,,,,,,,,,,,,,,,,,,,,,,,,,,,,,,,,,,,,,,,,,,,,,,,,,,,,
CAS007,,,,,,,,,,,,,,,,,,,,,,,,,,,,,,,,,,,,,,,,,,,,,,,,,,,,,,,,,,,,,,,,,,,,,,,,,,,,,
CAS008,,,,,,,,,,,,,,,,,,,,,,,,,,,,,,,,,,,,,,,,,,,,,,,,,,,,,,,,,,,,,,,,,,,,,,,,,,,,,
CAS009,M (WT),E (WT),A (WT),K (WT),D (WT),N,K (WT),L (WT),V (WT),F (WT),V (WT),A (WT),L (WT),K (WT),K (WT),V (WT),V (WT),G (WT),Y (WT),F (WT),V (WT),E (WT),Q (WT),V (WT),Y (WT),M (WT),N,G (WT),L (WT),T (WT),K (WT),H (WT),P (WT),F (WT),M (WT),L (WT),P (WT),K (WT),Y (WT),G (WT),N (WT),L (WT),V (WT),,G (WT),K (WT),,L (WT),D (WT),V (WT),L (WT),E (WT),M (WT),K (WT),M (WT),I (WT),G (WT),I (WT),F (WT),I (WT),Q (WT),D (WT),I (WT),L (WT),A (WT),G (WT),T (WT),L (WT),V (WT),V (WT),N (WT),I (WT),I (WT),N (WT),L (WT),M,I (WT)
CAS010,,,,,,,,,,,,,,,,,,,,,,,,,,,,,,,,,,,,,,,,,,,,,,,,,,,,,,,,,,,,,,,,,,,,,,,,,,,,,
CAS011,,,,,,,,,,,,,,,,,,,,,,,,,,,,,,,,,,,,,,,,,,,,,,,,,,,,,,,,,,,,,,,,,,,,,,,,,,,,,
CAS012,,,,,,,,,,,,,,,,,,,,,,,,,,,,,,,,,,,,,,,,,,,,,,,,,,,,,,,,,,,,,,,,,,,,,,,,,,,,,
CAS013,,,,,,,,,,,,,,,,,,,,,,,,,,,,,,,,,,,,,,,,,,,,,,,,,,,,,,,,,,,,,,,,,,,,,,,,,,,,,
CAS014,M (WT),E (WT),A (WT),K (WT),N,T (WT),K (WT),L (WT),V (WT),F (WT),V (WT),A (WT),L (WT),E,K (WT),M,V (WT),G (WT),Y (WT),F (WT),V (WT),E (WT),Q (WT),V (WT),Y (WT),V,N,A,L (WT),T (WT),K (WT),H (WT),P (WT),F (WT),M (WT),L (WT),P (WT),K (WT),Y (WT),G (WT),N (WT),L (WT),V (WT),,G (WT),K (WT),,L (WT),D (WT),V (WT),L (WT),E (WT),M (WT),K (WT),M (WT),I (WT),G (WT),I (WT),F (WT),I (WT),Q (WT),D (WT),I (WT),L (WT),A (WT),G (WT),T (WT),L (WT),V (WT),V (WT),N (WT),I (WT),I (WT),N (WT),L (WT),M,I (WT)
CAS015,,,,,,,,,,,,,,,,,,,,,,,,,,,,,,,,,,,,,,,,,,,,,,,,,,,,,,,,,,,,,,,,,,,,,,,,,,,,,
CAS016,,,,,,,,,,,,,,,,,,,,,,,,,,,,,,,,,,,,,,,,,,,,,,,,,,,,,,,,,,,,,,,,,,,,,,,,,,,,,
CAS017,,,,,,,,,,,,,,,,,,,,,,,,,,,,,,,,,,,,,,,,,,,,,,,,,,,,,,,,,,,,,,,,,,,,,,,,,,,,,
CAS018,,,,,,,,,,,,,,,,,,,,,,,,,,,,,,,,,,,,,,,,,,,,,,,,,,,,,,,,,,,,,,,,,,,,,,,,,,,,,
CAS019,,,,,,,,,,,,,,,,,,,,,,,,,,,,,,,,,,,,,,,,,,,,,,,,,,,,,,,,,,,,,,,,,,,,,,,,,,,,,
CAS020,,,,,,,,,,,,,,,,,,,,,,,,,,,,,,,,,,,,,,,,,,,,,,,,,,,,,,,,,,,,,,,,,,,,,,,,,,,,,
CAS021,,,,,,,,,,,,,,,,,,,,,,,,,,,,,,,,,,,,,,,,,,,,,,,,,,,,,,,,,,,,,,,,,,,,,,,,,,,,,
CAS022,M (WT),E (WT),A (WT),K (WT),D (WT),T (WT),K (WT),L (WT),V (WT),F (WT),V (WT),A (WT),L (WT),K (WT),K (WT),A,V (WT),G (WT),Y (WT),F (WT),V (WT),E (WT),Q (WT),V (WT),Y (WT),V,N,G (WT),L (WT),T (WT),K (WT),H (WT),P (WT),L,M (WT),L (WT),P (WT),K (WT),Y (WT),G (WT),N (WT),L (WT),V (WT),,G (WT),K (WT),,L (WT),D (WT),V (WT),L (WT),E (WT),M (WT),K (WT),M (WT),I (WT),G (WT),I (WT),F (WT),I (WT),Q (WT),D (WT),I (WT),L (WT),A (WT),G (WT),T (WT),L (WT),V (WT),V (WT),N (WT),I (WT),I (WT),N (WT),L (WT),M,I (WT)
CAS023,,,,,,,,,,,,,,,,,,,,,,,,,,,,,,,,,,,,,,,,,,,,,,,,,,,,,,,,,,,,,,,,,,,,,,,,,,,,,
CAS024,,,,,,,,,,,,,,,,,,,,,,,,,,,,,,,,,,,,,,,,,,,,,,,,,,,,,,,,,,,,,,,,,,,,,,,,,,,,,
CAS025,M (WT),E (WT),V,K (WT),D (WT),T (WT),K (WT),L (WT),V (WT),F (WT),V (WT),A (WT),L (WT),E,K (WT),M,V (WT),G (WT),Y (WT),F (WT),V (WT),E (WT),Q (WT),V (WT),Y (WT),V,N,G (WT),L (WT),T (WT),K (WT),H (WT),P (WT),F (WT),M (WT),L (WT),P (WT),K (WT),,G (WT),I,L (WT),V (WT),,G (WT),K (WT),,L (WT),D (WT),V (WT),L (WT),E (WT),M (WT),K (WT),M (WT),I (WT),G (WT),I (WT),F (WT),I (WT),Q (WT),D (WT),I (WT),L (WT),A (WT),G (WT),T (WT),L (WT),V (WT),V (WT),N (WT),I (WT),I (WT),N (WT),L (WT),M,I (WT)
CAS026,,,,,,,,,,,,,,,,,,,,,,,,,,,,,,,,,,,,,,,,,,,,,,,,,,,,,,,,,,,,,,,,,,,,,,,,,,,,,
CAS027,,,,,,,,,,,,,,,,,,,,,,,,,,,,,,,,,,,,,,,,,,,,,,,,,,,,,,,,,,,,,,,,,,,,,,,,,,,,,
CAS028,,,,,,,,,,,,,,,,,,,,,,,,,,,,,,,,,,,,,,,,,,,,,,,,,,,,,,,,,,,,,,,,,,,,,,,,,,,,,
CAS029,,,,,,,,,,,,,,,,,,,,,,,,,,,,,,,,,,,,,,,,,,,,,,,,,,,,,,,,,,,,,,,,,,,,,,,,,,,,,
CAS030,,,,,,,,,,,,,,,,,,,,,,,,,,,,,,,,,,,,,,,,,,,,,,,,,,,,,,,,,,,,,,,,,,,,,,,,,,,,,
CAS031,M (WT),E (WT),A (WT),R,D (WT),T (WT),K (WT),L (WT),V (WT),F (WT),V (WT),A (WT),L (WT),K (WT),K (WT),V (WT),V (WT),G (WT),F,F (WT),V (WT),E (WT),Q (WT),D,C,M (WT),N,G (WT),L (WT),T (WT),K (WT),H (WT),P (WT),F (WT),M (WT),L (WT),P (WT),K (WT),Y (WT),G (WT),N (WT),L (WT),V (WT),,G (WT),K (WT),,L (WT),D (WT),V (WT),L (WT),E (WT),M (WT),K (WT),M (WT),I (WT),G (WT),I (WT),F (WT),I (WT),Q (WT),D (WT),I (WT),L (WT),A (WT),G (WT),T (WT),L (WT),V (WT),V (WT),N (WT),I (WT),I (WT),N (WT),L (WT),M,I (WT)
CAS032,,,,,,,,,,,,,,,,,,,,,,,,,,,,,,,,,,,,,,,,,,,,,,,,,,,,,,,,,,,,,,,,,,,,,,,,,,,,,
CAS033,L,E (WT),A (WT),R,D (WT),T (WT),K (WT),V,T,F (WT),V (WT),A (WT),L (WT),K (WT),K (WT),V (WT),V (WT),G (WT),F,F (WT),V (WT),E (WT),Q (WT),V (WT),Y (WT),M (WT),N,E,L (WT),T (WT),K (WT),Y,P (WT),F (WT),M (WT),L (WT),P (WT),K (WT),Y (WT),G (WT),N (WT),L (WT),V (WT),,G (WT),K (WT),,L (WT),D (WT),V (WT),L (WT),E (WT),M (WT),K (WT),M (WT),I (WT),G (WT),I (WT),F (WT),I (WT),Q (WT),D (WT),I (WT),L (WT),A (WT),G (WT),T (WT),L (WT),V (WT),V (WT),N (WT),I (WT),I (WT),N (WT),L (WT),M,I (WT)
CAS034,M (WT),E (WT),V,K (WT),D (WT),T (WT),K (WT),L (WT),V (WT),F (WT),V (WT),A (WT),L (WT),E,K (WT),V (WT),V (WT),G (WT),Y (WT),F (WT),V (WT),E (WT),Q (WT),V (WT),C,V,N,G (WT),L (WT),T (WT),E,H (WT),P (WT),F (WT),M (WT),L (WT),P (WT),K (WT),Y (WT),G (WT),N (WT),L (WT),V (WT),,G (WT),K (WT),,L (WT),D (WT),V (WT),L (WT),E (WT),M (WT),K (WT),M (WT),I (WT),G (WT),I (WT),F (WT),I (WT),Q (WT),D (WT),I (WT),L (WT),A (WT),G (WT),T (WT),L (WT),V (WT),V (WT),N (WT),I (WT),I (WT),N (WT),L (WT),M,I (WT)
CAS035,M (WT),E (WT),A (WT),R,D (WT),T (WT),K (WT),V,V (WT),F (WT),V (WT),A (WT),L (WT),K (WT),K (WT),V (WT),V (WT),E,F,F (WT),V (WT),E (WT),Q (WT),V (WT),Y (WT),M (WT),N,E,L (WT),T (WT),K (WT),H (WT),P (WT),F (WT),M (WT),L (WT),P (WT),K (WT),Y (WT),G (WT),N (WT),L (WT),V (WT),,G (WT),K (WT),,L (WT),D (WT),V (WT),L (WT),E (WT),M (WT),K (WT),M (WT),I (WT),G (WT),I (WT),F (WT),I (WT),Q (WT),D (WT),I (WT),L (WT),A (WT),G (WT),T (WT),L (WT),V (WT),V (WT),N (WT),I (WT),I (WT),N (WT),L (WT),M,I (WT)
CAS036,L,E (WT),A (WT),K (WT),D (WT),T (WT),K (WT),V,V (WT),F (WT),V (WT),A (WT),L (WT),K (WT),K (WT),M,V (WT),E,Y (WT),F (WT),V (WT),E (WT),Q (WT),V (WT),Y (WT),V,C,E,L (WT),T (WT),K (WT),H (WT),P (WT),F (WT),M (WT),L (WT),P (WT),K (WT),Y (WT),G (WT),N (WT),L (WT),V (WT),,G (WT),K (WT),,L (WT),D (WT),V (WT),L (WT),E (WT),M (WT),K (WT),M (WT),I (WT),G (WT),I (WT),F (WT),I (WT),Q (WT),D (WT),I (WT),L (WT),A (WT),G (WT),T (WT),L (WT),V (WT),V (WT),N (WT),I (WT),I (WT),N (WT),L (WT),M,I (WT)
CAS037,M (WT),E (WT),A (WT),K (WT),N,S,K (WT),L (WT),V (WT),F (WT),V (WT),A (WT),L (WT),K (WT),K (WT),M,V (WT),G (WT),Y (WT),F (WT),V (WT),E (WT),Q (WT),D,Y (WT),I,N,G (WT),L (WT),T (WT),K (WT),H (WT),P (WT),F (WT),M (WT),L (WT),P (WT),K (WT),Y (WT),G (WT),N (WT),L (WT),V (WT),,G (WT),K (WT),,L (WT),D (WT),V (WT),L (WT),E (WT),M (WT),K (WT),M (WT),I (WT),G (WT),I (WT),F (WT),I (WT),Q (WT),D (WT),I (WT),L (WT),A (WT),G (WT),T (WT),L (WT),V (WT),V (WT),N (WT),I (WT),I (WT),N (WT),L (WT),M,I (WT)
CAS038,M (WT),E (WT),A (WT),K (WT),D (WT),T (WT),K (WT),L (WT),V (WT),F (WT),V (WT),A (WT),L (WT),K (WT),K (WT),M,V (WT),G (WT),F,F (WT),V (WT),E (WT),Q (WT),D,Y (WT),V,N,G (WT),L (WT),T (WT),K (WT),H (WT),P (WT),F (WT),M (WT),L (WT),P (WT),K (WT),Y (WT),G (WT),N (WT),L (WT),V (WT),,G (WT),K (WT),,L (WT),D (WT),V (WT),L (WT),E (WT),M (WT),K (WT),M (WT),I (WT),G (WT),I (WT),F (WT),I (WT),Q (WT),D (WT),I (WT),L (WT),A (WT),G (WT),T (WT),L (WT),V (WT),V (WT),N (WT),I (WT),I (WT),N (WT),L (WT),M,I (WT)
CAS039,M (WT),E (WT),A (WT),R,D (WT),T (WT),R,L (WT),I,F (WT),V (WT),A (WT),L (WT),K (WT),K (WT),M,V (WT),G (WT),F,F (WT),V (WT),E (WT),Q (WT),V (WT),Y (WT),M (WT),C,G (WT),L (WT),T (WT),K (WT),H (WT),P (WT),F (WT),M (WT),L (WT),P (WT),K (WT),Y (WT),G (WT),N (WT),L (WT),V (WT),,G (WT),K (WT),,L (WT),D (WT),V (WT),L (WT),E (WT),M (WT),K (WT),M (WT),I (WT),G (WT),I (WT),F (WT),I (WT),Q (WT),D (WT),I (WT),L (WT),A (WT),G (WT),T (WT),L (WT),V (WT),V (WT),N (WT),I (WT),I (WT),N (WT),L (WT),M,I (WT)
CAS040,,,,,,,,,,,,,,,,,,,,,,,,,,,,,,,,,,,,,,,,,,,,,,,,,,,,,,,,,,,,,,,,,,,,,,,,,,,,,
CAS041,,,,,,,,,,,,,,,,,,,,,,,,,,,,,,,,,,,,,,,,,,,,,,,,,,,,,,,,,,,,,,,,,,,,,,,,,,,,,
CAS042,M (WT),E (WT),A (WT),K (WT),D (WT),T (WT),K (WT),L (WT),V (WT),F (WT),V (WT),A (WT),L (WT),K (WT),K (WT),M,V (WT),G (WT),Y (WT),F (WT),V (WT),E (WT),Q (WT),V (WT),Y (WT),V,C,G (WT),L (WT),T (WT),K (WT),H (WT),P (WT),F (WT),M (WT),L (WT),P (WT),K (WT),Y (WT),G (WT),I,L (WT),V (WT),,G (WT),K (WT),,L (WT),D (WT),V (WT),L (WT),E (WT),M (WT),K (WT),M (WT),I (WT),G (WT),I (WT),F (WT),I (WT),Q (WT),D (WT),I (WT),L (WT),A (WT),G (WT),T (WT),L (WT),V (WT),V (WT),N (WT),I (WT),I (WT),N (WT),L (WT),M,I (WT)
CAS043,M (WT),E (WT),A (WT),K (WT),N,T (WT),K (WT),L (WT),V (WT),F (WT),V (WT),A (WT),L (WT),K (WT),K (WT),V (WT),I,G (WT),Y (WT),F (WT),V (WT),E (WT),Q (WT),V (WT),Y (WT),C,N,G (WT),L (WT),T (WT),K (WT),H (WT),P (WT),F (WT),M (WT),L (WT),P (WT),K (WT),Y (WT),G (WT),N (WT),L (WT),V (WT),,G (WT),K (WT),,L (WT),D (WT),V (WT),L (WT),E (WT),M (WT),K (WT),M (WT),I (WT),G (WT),I (WT),F (WT),I (WT),Q (WT),D (WT),I (WT),L (WT),A (WT),G (WT),T (WT),L (WT),V (WT),V (WT),N (WT),I (WT),I (WT),N (WT),L (WT),M,I (WT)
CAS044,M (WT),E (WT),A (WT),R,D (WT),T (WT),K (WT),L (WT),V (WT),F (WT),V (WT),A (WT),L (WT),K (WT),K (WT),M,V (WT),G (WT),Y (WT),F (WT),V (WT),E (WT),Q (WT),V (WT),Y (WT),M (WT),C,G (WT),L (WT),T (WT),K (WT),H (WT),P (WT),F (WT),M (WT),L (WT),P (WT),K (WT),Y (WT),G (WT),N (WT),L (WT),V (WT),,G (WT),K (WT),,L (WT),D (WT),V (WT),L (WT),E (WT),M (WT),K (WT),M (WT),I (WT),G (WT),I (WT),F (WT),I (WT),Q (WT),D (WT),I (WT),L (WT),A (WT),G (WT),T (WT),L (WT),V (WT),V (WT),N (WT),I (WT),I (WT),N (WT),L (WT),M,I (WT)
CAS045,M (WT),E (WT),A (WT),R,D (WT),T (WT),K (WT),L (WT),V (WT),F (WT),V (WT),A (WT),L (WT),K (WT),K (WT),M,V (WT),G (WT),Y (WT),F (WT),V (WT),E (WT),Q (WT),D,C,M (WT),C,G (WT),L (WT),T (WT),K (WT),H (WT),P (WT),F (WT),M (WT),L (WT),P (WT),K (WT),Y (WT),G (WT),N (WT),L (WT),V (WT),,G (WT),K (WT),,L (WT),D (WT),V (WT),L (WT),E (WT),M (WT),K (WT),M (WT),I (WT),G (WT),I (WT),F (WT),I (WT),Q (WT),D (WT),I (WT),L (WT),A (WT),G (WT),T (WT),L (WT),V (WT),V (WT),N (WT),I (WT),I (WT),N (WT),L (WT),M,I (WT)
CAS046,,,,,,,,,,,,,,,,,,,,,,,,,,,,,,,,,,,,,,,,,,,,,,,,,,,,,,,,,,,,,,,,,,,,,,,,,,,,,
CAS047,M (WT),E (WT),A (WT),R,D (WT),T (WT),K (WT),L (WT),V (WT),F (WT),V (WT),A (WT),L (WT),K (WT),K (WT),V (WT),V (WT),G (WT),Y (WT),F (WT),V (WT),E (WT),Q (WT),,C,C,Y (WT),G (WT),L (WT),T (WT),K (WT),H (WT),P (WT),F (WT),M (WT),L (WT),P (WT),K (WT),Y (WT),G (WT),I,L (WT),V (WT),,G (WT),K (WT),,L (WT),D (WT),V (WT),L (WT),E (WT),M (WT),K (WT),M (WT),I (WT),G (WT),I (WT),F (WT),I (WT),Q (WT),D (WT),I (WT),L (WT),A (WT),G (WT),T (WT),L (WT),V (WT),V (WT),N (WT),I (WT),I (WT),N (WT),L (WT),L (WT),I (WT)
CAS048,M (WT),E (WT),A (WT),R,D (WT),T (WT),K (WT),L (WT),V (WT),F (WT),V (WT),A (WT),L (WT),K (WT),K (WT),M,V (WT),G (WT),Y (WT),F (WT),V (WT),E (WT),Q (WT),V (WT),Y (WT),M (WT),C,G (WT),L (WT),T (WT),K (WT),H (WT),P (WT),F (WT),M (WT),L (WT),P (WT),K (WT),Y (WT),G (WT),N (WT),L (WT),V (WT),,G (WT),K (WT),,L (WT),D (WT),V (WT),L (WT),E (WT),M (WT),K (WT),M (WT),I (WT),G (WT),I (WT),F (WT),I (WT),Q (WT),D (WT),I (WT),L (WT),A (WT),G (WT),T (WT),L (WT),V (WT),V (WT),N (WT),I (WT),I (WT),N (WT),L (WT),M,I (WT)
CAS049,M (WT),E (WT),A (WT),N,D (WT),T (WT),K (WT),L (WT),V (WT),F (WT),V (WT),A (WT),L (WT),K (WT),K (WT),M,V (WT),G (WT),F,F (WT),V (WT),E (WT),Q (WT),V (WT),Y (WT),M (WT),C,G (WT),L (WT),T (WT),K (WT),H (WT),P (WT),F (WT),M (WT),L (WT),P (WT),K (WT),Y (WT),G (WT),N (WT),L (WT),V (WT),,G (WT),K (WT),,L (WT),D (WT),V (WT),L (WT),E (WT),M (WT),K (WT),M (WT),I (WT),G (WT),I (WT),F (WT),I (WT),Q (WT),D (WT),I (WT),L (WT),A (WT),G (WT),T (WT),L (WT),V (WT),V (WT),N (WT),I (WT),I (WT),N (WT),L (WT),M,I (WT)
CAS050,M (WT),E (WT),A (WT),K (WT),N,T (WT),K (WT),L (WT),V (WT),F (WT),V (WT),A (WT),L (WT),Q,K (WT),M,V (WT),G (WT),Y (WT),F (WT),V (WT),E (WT),Q (WT),V (WT),Y (WT),M (WT),N,G (WT),L (WT),T (WT),K (WT),H (WT),P (WT),F (WT),M (WT),L (WT),P (WT),K (WT),Y (WT),G (WT),N (WT),L (WT),V (WT),,G (WT),K (WT),,L (WT),D (WT),V (WT),L (WT),E (WT),M (WT),K (WT),M (WT),I (WT),G (WT),I (WT),F (WT),I (WT),Q (WT),D (WT),I (WT),L (WT),A (WT),G (WT),T (WT),L (WT),V (WT),V (WT),N (WT),I (WT),I (WT),N (WT),L (WT),M,I (WT)
CAS051,M (WT),E (WT),A (WT),R,N,T (WT),K (WT),L (WT),V (WT),F (WT),V (WT),A (WT),L (WT),Q,K (WT),M,V (WT),G (WT),Y (WT),F (WT),V (WT),E (WT),Q (WT),D,Y (WT),M (WT),C,G (WT),L (WT),T (WT),K (WT),H (WT),P (WT),F (WT),M (WT),L (WT),P (WT),K (WT),Y (WT),G (WT),N (WT),L (WT),V (WT),,G (WT),K (WT),,L (WT),D (WT),V (WT),L (WT),E (WT),M (WT),K (WT),M (WT),I (WT),G (WT),I (WT),F (WT),I (WT),Q (WT),D (WT),I (WT),L (WT),A (WT),G (WT),T (WT),L (WT),V (WT),V (WT),N (WT),I (WT),I (WT),N (WT),L (WT),M,I (WT)
CAS052,M (WT),E (WT),A (WT),R,D (WT),T (WT),K (WT),L (WT),V (WT),F (WT),V (WT),A (WT),L (WT),K (WT),K (WT),M,V (WT),G (WT),Y (WT),F (WT),V (WT),E (WT),Q (WT),V (WT),Y (WT),M (WT),L,G (WT),L (WT),T (WT),K (WT),H (WT),P (WT),F (WT),M (WT),L (WT),P (WT),K (WT),Y (WT),G (WT),N (WT),L (WT),V (WT),,G (WT),K (WT),,L (WT),D (WT),V (WT),L (WT),E (WT),M (WT),K (WT),M (WT),I (WT),G (WT),I (WT),F (WT),I (WT),Q (WT),D (WT),I (WT),L (WT),A (WT),G (WT),T (WT),L (WT),V (WT),V (WT),N (WT),I (WT),I (WT),N (WT),L (WT),M,I (WT)
CAS053,,,,,,,,,,,,,,,,,,,,,,,,,,,,,,,,,,,,,,,,,,,,,,,,,,,,,,,,,,,,,,,,,,,,,,,,,,,,,
CAS054,M (WT),E (WT),A (WT),R,D (WT),T (WT),K (WT),L (WT),V (WT),F (WT),V (WT),A (WT),L (WT),N,N,V (WT),V (WT),S,F,F (WT),V (WT),E (WT),Q (WT),V (WT),C,M (WT),N,S,L (WT),T (WT),K (WT),H (WT),P (WT),F (WT),M (WT),L (WT),P (WT),K (WT),Y (WT),G (WT),N (WT),L (WT),V (WT),,G (WT),K (WT),,L (WT),D (WT),V (WT),L (WT),E (WT),M (WT),K (WT),M (WT),I (WT),G (WT),I (WT),F (WT),I (WT),Q (WT),D (WT),I (WT),L (WT),A (WT),G (WT),T (WT),L (WT),V (WT),V (WT),N (WT),I (WT),I (WT),N (WT),L (WT),M,I (WT)
CAS055,M (WT),E (WT),A (WT),K (WT),D (WT),T (WT),K (WT),L (WT),V (WT),F (WT),V (WT),A (WT),L (WT),K (WT),K (WT),V (WT),V (WT),G (WT),Y (WT),F (WT),V (WT),E (WT),Q (WT),V (WT),Y (WT),M (WT),N,G (WT),L (WT),T (WT),K (WT),H (WT),P (WT),F (WT),M (WT),L (WT),P (WT),K (WT),Y (WT),G (WT),N (WT),L (WT),V (WT),,G (WT),K (WT),,L (WT),D (WT),V (WT),L (WT),E (WT),M (WT),K (WT),M (WT),I (WT),G (WT),I (WT),F (WT),I (WT),Q (WT),D (WT),I (WT),L (WT),A (WT),G (WT),T (WT),L (WT),V (WT),V (WT),N (WT),I (WT),I (WT),N (WT),L (WT),M,I (WT)
CAS056,M (WT),E (WT),A (WT),R,D (WT),T (WT),K (WT),L (WT),V (WT),F (WT),V (WT),A (WT),L (WT),N,N,V (WT),I,G (WT),Y (WT),F (WT),V (WT),E (WT),Q (WT),V (WT),C,M (WT),N,A,L (WT),T (WT),K (WT),H (WT),P (WT),F (WT),M (WT),L (WT),P (WT),K (WT),Y (WT),G (WT),N (WT),I,V (WT),,G (WT),K (WT),,L (WT),D (WT),V (WT),L (WT),E (WT),M (WT),K (WT),M (WT),I (WT),G (WT),I (WT),F (WT),I (WT),Q (WT),D (WT),I (WT),L (WT),A (WT),G (WT),T (WT),L (WT),V (WT),V (WT),N (WT),I (WT),I (WT),N (WT),L (WT),M,I (WT)
CAS057,M (WT),E (WT),A (WT),K (WT),G,N,E,L (WT),V (WT),F (WT),V (WT),A (WT),L (WT),E,K (WT),M,V (WT),G (WT),Y (WT),F (WT),V (WT),E (WT),Q (WT),V (WT),Y (WT),C,N,G (WT),L (WT),T (WT),K (WT),Y,P (WT),F (WT),M (WT),L (WT),P (WT),K (WT),Y (WT),G (WT),N (WT),L (WT),V (WT),,G (WT),K (WT),,L (WT),D (WT),V (WT),F,E (WT),M (WT),K (WT),M (WT),I (WT),G (WT),I (WT),F (WT),I (WT),Q (WT),D (WT),I (WT),L (WT),A (WT),G (WT),T (WT),L (WT),V (WT),V (WT),N (WT),I (WT),I (WT),N (WT),L (WT),M,I (WT)
CAS058,M (WT),E (WT),V,K (WT),N,T (WT),K (WT),L (WT),V (WT),F (WT),V (WT),A (WT),L (WT),K (WT),T,V (WT),V (WT),G (WT),Y (WT),F (WT),V (WT),E (WT),Q (WT),V (WT),C,V,N,G (WT),L (WT),T (WT),K (WT),H (WT),P (WT),F (WT),M (WT),L (WT),P (WT),K (WT),Y (WT),G (WT),I,L (WT),V (WT),,G (WT),K (WT),,L (WT),D (WT),V (WT),L (WT),E (WT),M (WT),K (WT),M (WT),I (WT),G (WT),I (WT),F (WT),I (WT),Q (WT),D (WT),I (WT),L (WT),A (WT),G (WT),T (WT),L (WT),V (WT),V (WT),N (WT),I (WT),I (WT),N (WT),L (WT),M,I (WT)
CAS059,,,,,,,,,,,,,,,,,,,,,,,,,,,,,,,,,,,,,,,,,,,,,,,,,,,,,,,,,,,,,,,,,,,,,,,,,,,,,
CAS060,M (WT),E (WT),A (WT),K (WT),D (WT),T (WT),K (WT),L (WT),V (WT),F (WT),V (WT),A (WT),L (WT),K (WT),K (WT),M,V (WT),G (WT),Y (WT),F (WT),V (WT),E (WT),Q (WT),V (WT),Y (WT),V,N,G (WT),L (WT),T (WT),K (WT),H (WT),P (WT),L,M (WT),L (WT),P (WT),K (WT),Y (WT),G (WT),N (WT),L (WT),V (WT),,G (WT),K (WT),,L (WT),D (WT),V (WT),L (WT),E (WT),M (WT),K (WT),M (WT),I (WT),G (WT),I (WT),F (WT),I (WT),Q (WT),D (WT),I (WT),L (WT),A (WT),G (WT),T (WT),L (WT),V (WT),V (WT),N (WT),I (WT),I (WT),N (WT),L (WT),M,I (WT)
CAS061,M (WT),E (WT),A (WT),K (WT),D (WT),T (WT),K (WT),L (WT),V (WT),F (WT),V (WT),A (WT),L (WT),K (WT),K (WT),M,V (WT),G (WT),Y (WT),F (WT),V (WT),E (WT),Q (WT),V (WT),Y (WT),M (WT),N,G (WT),L (WT),T (WT),K (WT),H (WT),P (WT),L,M (WT),L (WT),P (WT),K (WT),Y (WT),G (WT),N (WT),L (WT),V (WT),,G (WT),K (WT),,L (WT),D (WT),V (WT),L (WT),E (WT),M (WT),K (WT),M (WT),I (WT),G (WT),I (WT),F (WT),I (WT),Q (WT),D (WT),I (WT),L (WT),A (WT),G (WT),T (WT),L (WT),V (WT),V (WT),N (WT),I (WT),I (WT),N (WT),L (WT),M,I (WT)
CAS062,M (WT),E (WT),A (WT),R,D (WT),D,K (WT),L (WT),V (WT),F (WT),V (WT),G,L (WT),N,N,V (WT),V (WT),G (WT),Y (WT),F (WT),V (WT),E (WT),Q (WT),V (WT),C,V,N,D,L (WT),T (WT),K (WT),H (WT),P (WT),F (WT),M (WT),L (WT),P (WT),K (WT),Y (WT),G (WT),N (WT),L (WT),V (WT),,G (WT),K (WT),,L (WT),D (WT),V (WT),L (WT),E (WT),M (WT),K (WT),M (WT),I (WT),G (WT),I (WT),F (WT),I (WT),Q (WT),D (WT),I (WT),L (WT),A (WT),G (WT),T (WT),L (WT),V (WT),V (WT),N (WT),I (WT),I (WT),N (WT),L (WT),M,I (WT)
CAS063,M (WT),E (WT),A (WT),K (WT),D (WT),T (WT),K (WT),L (WT),V (WT),F (WT),V (WT),G,L (WT),R,T,V (WT),V (WT),G (WT),Y (WT),F (WT),V (WT),E (WT),Q (WT),V (WT),Y (WT),V,N,A,L (WT),T (WT),K (WT),H (WT),P (WT),F (WT),M (WT),L (WT),P (WT),K (WT),Y (WT),G (WT),N (WT),L (WT),V (WT),,G (WT),K (WT),,L (WT),D (WT),V (WT),L (WT),E (WT),M (WT),K (WT),M (WT),I (WT),G (WT),I (WT),F (WT),I (WT),Q (WT),D (WT),I (WT),L (WT),A (WT),G (WT),T (WT),L (WT),V (WT),V (WT),N (WT),I (WT),I (WT),N (WT),L (WT),M,I (WT)
CAS064,M (WT),E (WT),A (WT),K (WT),D (WT),T (WT),R,L (WT),V (WT),F (WT),V (WT),A (WT),L (WT),K (WT),K (WT),M,V (WT),G (WT),Y (WT),F (WT),V (WT),E (WT),Q (WT),D,Y (WT),V,N,G (WT),L (WT),T (WT),K (WT),H (WT),P (WT),F (WT),M (WT),L (WT),P (WT),K (WT),Y (WT),G (WT),I,L (WT),V (WT),,G (WT),K (WT),,L (WT),D (WT),V (WT),L (WT),E (WT),M (WT),K (WT),M (WT),I (WT),G (WT),I (WT),F (WT),I (WT),Q (WT),D (WT),I (WT),L (WT),A (WT),G (WT),T (WT),L (WT),V (WT),V (WT),N (WT),I (WT),I (WT),N (WT),L (WT),M,I (WT)
CAS065,M (WT),E (WT),A (WT),K (WT),D (WT),T (WT),K (WT),L (WT),V (WT),F (WT),V (WT),A (WT),L (WT),K (WT),K (WT),M,I,G (WT),Y (WT),F (WT),V (WT),K,Q (WT),V (WT),Y (WT),V,N,G (WT),L (WT),T (WT),K (WT),H (WT),P (WT),L,M (WT),L (WT),P (WT),K (WT),Y (WT),G (WT),N (WT),L (WT),V (WT),,G (WT),K (WT),,L (WT),D (WT),V (WT),L (WT),E (WT),M (WT),K (WT),M (WT),I (WT),G (WT),I (WT),F (WT),I (WT),Q (WT),D (WT),I (WT),L (WT),A (WT),G (WT),T (WT),L (WT),V (WT),V (WT),N (WT),I (WT),I (WT),N (WT),L (WT),M,I (WT)
CAS066,M (WT),E (WT),A (WT),R,D (WT),T (WT),K (WT),L (WT),V (WT),F (WT),V (WT),A (WT),L (WT),K (WT),K (WT),V (WT),V (WT),G (WT),Y (WT),F (WT),V (WT),E (WT),Q (WT),V (WT),Y (WT),M (WT),N,E,L (WT),T (WT),K (WT),H (WT),P (WT),F (WT),M (WT),L (WT),P (WT),K (WT),Y (WT),G (WT),N (WT),L (WT),V (WT),,G (WT),K (WT),,L (WT),D (WT),V (WT),L (WT),E (WT),M (WT),K (WT),M (WT),I (WT),G (WT),I (WT),F (WT),I (WT),Q (WT),D (WT),I (WT),L (WT),A (WT),G (WT),T (WT),L (WT),V (WT),V (WT),N (WT),I (WT),I (WT),N (WT),L (WT),M,I (WT)
CAS067,M (WT),E (WT),A (WT),R,D (WT),T (WT),K (WT),L (WT),V (WT),F (WT),V (WT),A (WT),L (WT),N,N,M,V (WT),G (WT),S,F (WT),V (WT),E (WT),Q (WT),V (WT),Y (WT),V,N,G (WT),L (WT),T (WT),K (WT),H (WT),P (WT),F (WT),M (WT),L (WT),P (WT),K (WT),Y (WT),G (WT),N (WT),L (WT),V (WT),,G (WT),K (WT),,L (WT),D (WT),V (WT),L (WT),E (WT),M (WT),K (WT),M (WT),I (WT),G (WT),I (WT),F (WT),I (WT),Q (WT),D (WT),I (WT),L (WT),A (WT),G (WT),T (WT),L (WT),V (WT),V (WT),N (WT),I (WT),I (WT),N (WT),L (WT),M,I (WT)
CAS068,M (WT),E (WT),A (WT),K (WT),N,T (WT),E,L (WT),V (WT),F (WT),V (WT),G,L (WT),N,N,M,V (WT),G (WT),Y (WT),F (WT),V (WT),E (WT),Q (WT),V (WT),Y (WT),V,N,G (WT),L (WT),T (WT),K (WT),H (WT),P (WT),F (WT),M (WT),L (WT),P (WT),K (WT),Y (WT),G (WT),N (WT),L (WT),V (WT),,G (WT),K (WT),,L (WT),D (WT),V (WT),L (WT),E (WT),M (WT),K (WT),M (WT),I (WT),G (WT),I (WT),F (WT),I (WT),Q (WT),D (WT),I (WT),L (WT),A (WT),G (WT),T (WT),L (WT),V (WT),V (WT),N (WT),I (WT),I (WT),N (WT),L (WT),M,I (WT)
CAS069,M (WT),E (WT),A (WT),K (WT),D (WT),T (WT),K (WT),L (WT),V (WT),F (WT),V (WT),A (WT),L (WT),K (WT),K (WT),V (WT),V (WT),G (WT),Y (WT),F (WT),V (WT),E (WT),Q (WT),V (WT),Y (WT),I,N,G (WT),L (WT),T (WT),K (WT),H (WT),P (WT),F (WT),M (WT),L (WT),P (WT),K (WT),Y (WT),G (WT),N (WT),L (WT),V (WT),,G (WT),K (WT),,L (WT),D (WT),V (WT),L (WT),E (WT),M (WT),K (WT),M (WT),I (WT),G (WT),I (WT),F (WT),I (WT),Q (WT),D (WT),I (WT),L (WT),A (WT),G (WT),T (WT),L (WT),V (WT),V (WT),N (WT),I (WT),I (WT),N (WT),L (WT),M,I (WT)
CAS070,M (WT),E (WT),A (WT),R,D (WT),T (WT),K (WT),L (WT),V (WT),F (WT),V (WT),G,L (WT),K (WT),K (WT),V (WT),V (WT),G (WT),Y (WT),F (WT),V (WT),E (WT),Q (WT),D,C,M (WT),N,A,L (WT),T (WT),K (WT),H (WT),P (WT),F (WT),M (WT),L (WT),P (WT),K (WT),Y (WT),G (WT),N (WT),I,V (WT),,G (WT),K (WT),,L (WT),D (WT),V (WT),L (WT),E (WT),M (WT),K (WT),M (WT),I (WT),G (WT),I (WT),F (WT),I (WT),Q (WT),D (WT),I (WT),L (WT),A (WT),G (WT),T (WT),L (WT),V (WT),V (WT),N (WT),I (WT),I (WT),N (WT),L (WT),M,I (WT)
CAS071,M (WT),E (WT),A (WT),R,D (WT),T (WT),K (WT),L (WT),V (WT),F (WT),V (WT),A (WT),L (WT),K (WT),K (WT),M,V (WT),G (WT),Y (WT),F (WT),V (WT),E (WT),Q (WT),V (WT),C,M (WT),N,G (WT),L (WT),T (WT),K (WT),H (WT),P (WT),L,M (WT),L (WT),P (WT),K (WT),Y (WT),G (WT),N (WT),I,V (WT),,G (WT),K (WT),,L (WT),D (WT),V (WT),L (WT),E (WT),M (WT),K (WT),M (WT),I (WT),G (WT),I (WT),F (WT),I (WT),Q (WT),D (WT),I (WT),L (WT),A (WT),G (WT),T (WT),L (WT),V (WT),V (WT),N (WT),I (WT),I (WT),N (WT),L (WT),M,I (WT)
CAS072,M (WT),E (WT),A (WT),K (WT),D (WT),T (WT),K (WT),I,V (WT),F (WT),V (WT),A (WT),L (WT),N,N,M,V (WT),G (WT),Y (WT),F (WT),V (WT),E (WT),Q (WT),V (WT),Y (WT),V,N,G (WT),L (WT),T (WT),K (WT),H (WT),P (WT),F (WT),M (WT),L (WT),P (WT),K (WT),Y (WT),G (WT),N (WT),L (WT),V (WT),,G (WT),K (WT),,L (WT),D (WT),V (WT),L (WT),E (WT),M (WT),K (WT),M (WT),I (WT),G (WT),I (WT),F (WT),I (WT),Q (WT),D (WT),I (WT),L (WT),A (WT),G (WT),T (WT),L (WT),V (WT),V (WT),N (WT),I (WT),I (WT),N (WT),L (WT),M,I (WT)
CAS073,M (WT),E (WT),A (WT),R,D (WT),T (WT),K (WT),L (WT),V (WT),F (WT),V (WT),A (WT),L (WT),K (WT),K (WT),M,V (WT),G (WT),F,F (WT),V (WT),E (WT),Q (WT),D,Y (WT),V,N,G (WT),L (WT),T (WT),K (WT),H (WT),P (WT),F (WT),M (WT),L (WT),P (WT),K (WT),Y (WT),G (WT),N (WT),L (WT),V (WT),,G (WT),K (WT),,L (WT),D (WT),V (WT),L (WT),E (WT),M (WT),K (WT),M (WT),I (WT),G (WT),I (WT),F (WT),I (WT),Q (WT),D (WT),I (WT),L (WT),A (WT),G (WT),T (WT),L (WT),V (WT),V (WT),N (WT),I (WT),I (WT),N (WT),L (WT),M,I (WT)
CAS074,M (WT),E (WT),A (WT),K (WT),D (WT),T (WT),K (WT),L (WT),V (WT),F (WT),V (WT),A (WT),L (WT),K (WT),K (WT),M,V (WT),G (WT),Y (WT),F (WT),V (WT),E (WT),Q (WT),V (WT),Y (WT),V,N,A,L (WT),T (WT),K (WT),H (WT),P (WT),L,M (WT),L (WT),P (WT),K (WT),Y (WT),G (WT),N (WT),L (WT),V (WT),,G (WT),K (WT),,L (WT),D (WT),V (WT),L (WT),E (WT),M (WT),K (WT),M (WT),I (WT),G (WT),I (WT),F (WT),I (WT),Q (WT),D (WT),I (WT),L (WT),A (WT),G (WT),T (WT),L (WT),V (WT),V (WT),N (WT),I (WT),I (WT),N (WT),L (WT),M,I (WT)
CAS075,M (WT),E (WT),A (WT),K (WT),D (WT),T (WT),K (WT),V,V (WT),F (WT),V (WT),G,L (WT),N,N,V (WT),V (WT),G (WT),Y (WT),F (WT),V (WT),E (WT),Q (WT),V (WT),Y (WT),V,N,G (WT),L (WT),T (WT),K (WT),H (WT),H,F (WT),M (WT),L (WT),P (WT),K (WT),Y (WT),G (WT),N (WT),L (WT),V (WT),,G (WT),K (WT),,L (WT),D (WT),V (WT),L (WT),E (WT),M (WT),K (WT),M (WT),I (WT),G (WT),I (WT),F (WT),I (WT),Q (WT),D (WT),I (WT),L (WT),A (WT),G (WT),T (WT),L (WT),V (WT),V (WT),N (WT),I (WT),I (WT),N (WT),L (WT),M,I (WT)
CAS076,M (WT),E (WT),A (WT),K (WT),D (WT),T (WT),K (WT),L (WT),V (WT),F (WT),V (WT),A (WT),L (WT),E,K (WT),M,V (WT),G (WT),Y (WT),F (WT),V (WT),E (WT),Q (WT),V (WT),Y (WT),V,N,A,L (WT),T (WT),K (WT),H (WT),P (WT),F (WT),M (WT),L (WT),P (WT),K (WT),Y (WT),G (WT),N (WT),L (WT),V (WT),,G (WT),K (WT),,L (WT),D (WT),V (WT),L (WT),E (WT),M (WT),K (WT),M (WT),I (WT),G (WT),I (WT),F (WT),I (WT),Q (WT),D (WT),I (WT),L (WT),A (WT),G (WT),T (WT),L (WT),V (WT),V (WT),N (WT),I (WT),I (WT),N (WT),L (WT),M,I (WT)
CAS077,M (WT),E (WT),A (WT),R,D (WT),T (WT),K (WT),L (WT),V (WT),F (WT),V (WT),A (WT),L (WT),N,N,M,V (WT),G (WT),Y (WT),F (WT),V (WT),E (WT),Q (WT),V (WT),Y (WT),M (WT),N,G (WT),L (WT),T (WT),K (WT),H (WT),P (WT),F (WT),M (WT),L (WT),P (WT),K (WT),Y (WT),G (WT),N (WT),L (WT),V (WT),,G (WT),K (WT),,L (WT),D (WT),V (WT),L (WT),E (WT),M (WT),K (WT),M (WT),I (WT),G (WT),I (WT),F (WT),I (WT),Q (WT),D (WT),I (WT),L (WT),A (WT),G (WT),T (WT),L (WT),V (WT),V (WT),N (WT),I (WT),I (WT),N (WT),L (WT),M,I (WT)
CAS078,M (WT),E (WT),A (WT),K (WT),D (WT),T (WT),K (WT),L (WT),V (WT),F (WT),V (WT),A (WT),L (WT),N,N,M,V (WT),G (WT),Y (WT),F (WT),V (WT),E (WT),Q (WT),V (WT),Y (WT),V,N,G (WT),L (WT),T (WT),K (WT),H (WT),P (WT),F (WT),M (WT),L (WT),P (WT),K (WT),Y (WT),G (WT),N (WT),L (WT),V (WT),,G (WT),K (WT),,L (WT),D (WT),V (WT),L (WT),E (WT),M (WT),K (WT),M (WT),I (WT),G (WT),I (WT),F (WT),I (WT),Q (WT),D (WT),I (WT),L (WT),A (WT),G (WT),T (WT),L (WT),V (WT),V (WT),N (WT),I (WT),I (WT),N (WT),L (WT),M,I (WT)
CAS079,M (WT),E (WT),A (WT),R,D (WT),N,K (WT),L (WT),V (WT),F (WT),V (WT),A (WT),L (WT),K (WT),K (WT),V (WT),V (WT),G (WT),F,F (WT),V (WT),E (WT),Q (WT),V (WT),Y (WT),M (WT),N,E,L (WT),T (WT),K (WT),H (WT),P (WT),F (WT),M (WT),L (WT),P (WT),K (WT),Y (WT),G (WT),N (WT),L (WT),V (WT),,G (WT),K (WT),,L (WT),D (WT),V (WT),L (WT),E (WT),M (WT),K (WT),M (WT),I (WT),G (WT),I (WT),F (WT),I (WT),Q (WT),D (WT),I (WT),L (WT),A (WT),G (WT),T (WT),L (WT),V (WT),V (WT),N (WT),I (WT),I (WT),N (WT),L (WT),M,I (WT)
CAS080,M (WT),E (WT),A (WT),R,D (WT),T (WT),K (WT),L (WT),V (WT),F (WT),V (WT),A (WT),L (WT),K (WT),K (WT),V (WT),V (WT),G (WT),Y (WT),F (WT),V (WT),E (WT),Q (WT),V (WT),C,M (WT),N,G (WT),L (WT),T (WT),K (WT),H (WT),P (WT),F (WT),M (WT),L (WT),P (WT),K (WT),Y (WT),G (WT),N (WT),L (WT),V (WT),,G (WT),K (WT),,L (WT),D (WT),V (WT),L (WT),E (WT),M (WT),K (WT),M (WT),I (WT),G (WT),I (WT),F (WT),I (WT),Q (WT),D (WT),I (WT),L (WT),A (WT),G (WT),T (WT),L (WT),V (WT),V (WT),N (WT),I (WT),I (WT),N (WT),L (WT),M,I (WT)
CAS081,M (WT),E (WT),A (WT),R,D (WT),T (WT),K (WT),L (WT),V (WT),F (WT),V (WT),A (WT),L (WT),K (WT),K (WT),M,V (WT),G (WT),Y (WT),F (WT),V (WT),E (WT),Q (WT),V (WT),Y (WT),M (WT),L,G (WT),L (WT),T (WT),K (WT),H (WT),P (WT),F (WT),M (WT),L (WT),P (WT),K (WT),Y (WT),G (WT),N (WT),L (WT),V (WT),,G (WT),K (WT),,L (WT),D (WT),V (WT),L (WT),E (WT),M (WT),K (WT),M (WT),I (WT),G (WT),I (WT),F (WT),I (WT),Q (WT),D (WT),I (WT),L (WT),A (WT),G (WT),T (WT),L (WT),V (WT),V (WT),N (WT),I (WT),I (WT),N (WT),L (WT),M,I (WT)
CAS082,M (WT),E (WT),A (WT),K (WT),D (WT),T (WT),K (WT),L (WT),V (WT),F (WT),V (WT),A (WT),L (WT),N,N,V (WT),V (WT),G (WT),Y (WT),F (WT),V (WT),E (WT),Q (WT),V (WT),Y (WT),V,N,G (WT),L (WT),T (WT),K (WT),H (WT),H,F (WT),M (WT),L (WT),P (WT),K (WT),Y (WT),G (WT),N (WT),L (WT),V (WT),,G (WT),K (WT),,L (WT),D (WT),V (WT),L (WT),E (WT),M (WT),K (WT),M (WT),I (WT),G (WT),I (WT),F (WT),I (WT),Q (WT),D (WT),I (WT),L (WT),A (WT),G (WT),T (WT),L (WT),V (WT),V (WT),N (WT),I (WT),I (WT),N (WT),L (WT),M,I (WT)
CAS083,M (WT),E (WT),A (WT),K (WT),D (WT),N,K (WT),L (WT),V (WT),F (WT),V (WT),A (WT),L (WT),K (WT),K (WT),M,V (WT),G (WT),F,F (WT),V (WT),E (WT),Q (WT),V (WT),Y (WT),V,C,G (WT),L (WT),T (WT),K (WT),H (WT),P (WT),F (WT),M (WT),L (WT),P (WT),K (WT),Y (WT),G (WT),N (WT),L (WT),V (WT),,G (WT),K (WT),,L (WT),D (WT),V (WT),L (WT),E (WT),M (WT),K (WT),M (WT),I (WT),G (WT),I (WT),F (WT),I (WT),Q (WT),D (WT),I (WT),L (WT),A (WT),G (WT),T (WT),L (WT),V (WT),V (WT),N (WT),I (WT),I (WT),N (WT),L (WT),M,I (WT)
CAS084,M (WT),E (WT),A (WT),R,D (WT),T (WT),T,L (WT),V (WT),F (WT),V (WT),A (WT),L (WT),K (WT),K (WT),M,V (WT),G (WT),Y (WT),F (WT),V (WT),E (WT),Q (WT),V (WT),Y (WT),M (WT),N,G (WT),L (WT),T (WT),K (WT),H (WT),P (WT),F (WT),M (WT),L (WT),P (WT),K (WT),Y (WT),G (WT),N (WT),L (WT),V (WT),,G (WT),K (WT),,L (WT),D (WT),V (WT),L (WT),E (WT),M (WT),K (WT),M (WT),I (WT),G (WT),I (WT),F (WT),I (WT),Q (WT),D (WT),I (WT),L (WT),A (WT),G (WT),T (WT),L (WT),V (WT),V (WT),N (WT),I (WT),I (WT),N (WT),L (WT),M,I (WT)
CAS085,M (WT),E (WT),A (WT),K (WT),D (WT),T (WT),K (WT),L (WT),V (WT),F (WT),V (WT),A (WT),L (WT),K (WT),K (WT),V (WT),V (WT),G (WT),Y (WT),F (WT),V (WT),E (WT),Q (WT),V (WT),Y (WT),M (WT),N,G (WT),L (WT),T (WT),K (WT),H (WT),P (WT),F (WT),M (WT),L (WT),P (WT),K (WT),Y (WT),G (WT),N (WT),L (WT),V (WT),,G (WT),K (WT),,L (WT),D (WT),V (WT),L (WT),E (WT),M (WT),K (WT),M (WT),I (WT),G (WT),I (WT),F (WT),I (WT),Q (WT),D (WT),I (WT),L (WT),A (WT),G (WT),T (WT),L (WT),V (WT),V (WT),N (WT),I (WT),I (WT),N (WT),L (WT),M,I (WT)
CAS086,M (WT),E (WT),A (WT),R,D (WT),T (WT),K (WT),L (WT),V (WT),F (WT),V (WT),A (WT),L (WT),N,N,M,V (WT),G (WT),Y (WT),F (WT),V (WT),E (WT),Q (WT),V (WT),Y (WT),M (WT),N,G (WT),L (WT),T (WT),K (WT),H (WT),P (WT),F (WT),M (WT),L (WT),P (WT),K (WT),Y (WT),G (WT),N (WT),L (WT),V (WT),,G (WT),K (WT),,L (WT),D (WT),V (WT),L (WT),E (WT),M (WT),K (WT),M (WT),I (WT),G (WT),I (WT),F (WT),I (WT),Q (WT),D (WT),I (WT),L (WT),A (WT),G (WT),T (WT),L (WT),V (WT),V (WT),N (WT),I (WT),I (WT),N (WT),L (WT),M,I (WT)
CAS087,,,,,,,,,,,,,,,,,,,,,,,,,,,,,,,,,,,,,,,,,,,,,,,,,,,,,,,,,,,,,,,,,,,,,,,,,,,,,
CAS088,M (WT),,A (WT),K (WT),D (WT),T (WT),K (WT),L (WT),V (WT),F (WT),V (WT),A (WT),L (WT),K (WT),K (WT),V (WT),V (WT),G (WT),Y (WT),F (WT),,E (WT),Q (WT),V (WT),Y (WT),M (WT),N,G (WT),L (WT),T (WT),K (WT),H (WT),P (WT),F (WT),M (WT),,,,Y (WT),,N (WT),L (WT),V (WT),,G (WT),K (WT),,L (WT),D (WT),V (WT),L (WT),,M (WT),K (WT),M (WT),I (WT),G (WT),I (WT),F (WT),I (WT),Q (WT),D (WT),I (WT),L (WT),A (WT),G (WT),T (WT),L (WT),V (WT),V (WT),N (WT),I (WT),I (WT),N (WT),L (WT),M,I (WT)
CAS089,M (WT),E (WT),A (WT),K (WT),D (WT),T (WT),K (WT),I,V (WT),F (WT),V (WT),A (WT),L (WT),E,K (WT),V (WT),V (WT),G (WT),Y (WT),F (WT),V (WT),E (WT),Q (WT),V (WT),C,I,N,G (WT),L (WT),T (WT),N,H (WT),P (WT),F (WT),M (WT),L (WT),P (WT),K (WT),Y (WT),G (WT),N (WT),L (WT),V (WT),,G (WT),K (WT),,L (WT),D (WT),V (WT),L (WT),E (WT),M (WT),K (WT),M (WT),I (WT),G (WT),I (WT),F (WT),I (WT),Q (WT),D (WT),I (WT),L (WT),A (WT),G (WT),T (WT),L (WT),V (WT),V (WT),N (WT),I (WT),I (WT),N (WT),L (WT),M,I (WT)
CAS090,M (WT),E (WT),A (WT),R,D (WT),T (WT),K (WT),L (WT),V (WT),F (WT),V (WT),A (WT),I,N,N,M,V (WT),G (WT),Y (WT),F (WT),V (WT),E (WT),Q (WT),V (WT),Y (WT),M (WT),N,G (WT),L (WT),T (WT),K (WT),H (WT),P (WT),F (WT),M (WT),L (WT),P (WT),K (WT),Y (WT),G (WT),N (WT),L (WT),V (WT),,G (WT),K (WT),,L (WT),D (WT),V (WT),L (WT),E (WT),M (WT),K (WT),M (WT),I (WT),G (WT),I (WT),F (WT),I (WT),Q (WT),D (WT),I (WT),L (WT),A (WT),G (WT),T (WT),L (WT),V (WT),V (WT),N (WT),I (WT),I (WT),N (WT),L (WT),M,I (WT)
CAS091,M (WT),E (WT),A (WT),K (WT),D (WT),T (WT),K (WT),L (WT),V (WT),F (WT),V (WT),A (WT),L (WT),N,N,V (WT),V (WT),G (WT),Y (WT),F (WT),V (WT),E (WT),Q (WT),V (WT),Y (WT),I,N,G (WT),L (WT),T (WT),K (WT),H (WT),P (WT),F (WT),,L (WT),P (WT),K (WT),Y (WT),G (WT),N (WT),L (WT),V (WT),,G (WT),K (WT),,L (WT),D (WT),V (WT),L (WT),E (WT),M (WT),K (WT),M (WT),I (WT),G (WT),I (WT),F (WT),I (WT),Q (WT),D (WT),I (WT),L (WT),A (WT),G (WT),T (WT),L (WT),V (WT),V (WT),N (WT),I (WT),I (WT),N (WT),L (WT),M,I (WT)
CAS092,M (WT),E (WT),A (WT),R,D (WT),T (WT),K (WT),L (WT),V (WT),F (WT),V (WT),A (WT),L (WT),E,K (WT),M,V (WT),G (WT),Y (WT),F (WT),V (WT),E (WT),Q (WT),V (WT),Y (WT),M (WT),N,G (WT),L (WT),T (WT),K (WT),H (WT),P (WT),L,M (WT),L (WT),P (WT),K (WT),Y (WT),G (WT),N (WT),L (WT),V (WT),,G (WT),K (WT),,L (WT),D (WT),V (WT),L (WT),E (WT),M (WT),K (WT),M (WT),I (WT),G (WT),I (WT),F (WT),I (WT),Q (WT),D (WT),I (WT),L (WT),A (WT),G (WT),T (WT),L (WT),V (WT),V (WT),N (WT),I (WT),I (WT),N (WT),L (WT),M,I (WT)
CAS093,M (WT),E (WT),A (WT),K (WT),D (WT),T (WT),K (WT),L (WT),V (WT),F (WT),V (WT),A (WT),L (WT),K (WT),K (WT),M,V (WT),G (WT),Y (WT),F (WT),V (WT),E (WT),Q (WT),D,Y (WT),I,N,G (WT),L (WT),T (WT),K (WT),H (WT),P (WT),F (WT),,L (WT),P (WT),K (WT),Y (WT),G (WT),N (WT),L (WT),V (WT),,G (WT),K (WT),,L (WT),D (WT),V (WT),L (WT),E (WT),M (WT),K (WT),M (WT),I (WT),G (WT),I (WT),F (WT),I (WT),Q (WT),D (WT),I (WT),L (WT),A (WT),G (WT),T (WT),L (WT),V (WT),V (WT),N (WT),I (WT),I (WT),N (WT),L (WT),M,I (WT)
CAS094,M (WT),E (WT),V,R,D (WT),T (WT),K (WT),L (WT),V (WT),F (WT),V (WT),A (WT),L (WT),K (WT),K (WT),M,V (WT),G (WT),Y (WT),F (WT),V (WT),E (WT),Q (WT),V (WT),Y (WT),V,N,A,L (WT),T (WT),K (WT),H (WT),P (WT),F (WT),M (WT),L (WT),P (WT),K (WT),Y (WT),G (WT),N (WT),L (WT),V (WT),,G (WT),K (WT),,L (WT),D (WT),V (WT),L (WT),E (WT),M (WT),K (WT),M (WT),I (WT),G (WT),I (WT),F (WT),I (WT),Q (WT),D (WT),I (WT),L (WT),A (WT),G (WT),T (WT),L (WT),V (WT),V (WT),N (WT),I (WT),I (WT),N (WT),L (WT),M,I (WT)
CAS095,,,,,,,,,,,,,,,,,,,,,,,,,,,,,,,,,,,,,,,,,,,,,,,,,,,,,,,,,,,,,,,,,,,,,,,,,,,,,
CAS096,M (WT),E (WT),A (WT),R,D (WT),T (WT),K (WT),L (WT),V (WT),F (WT),V (WT),A (WT),I,K (WT),S,V (WT),V (WT),G (WT),Y (WT),F (WT),V (WT),E (WT),Q (WT),V (WT),Y (WT),V,N,G (WT),L (WT),T (WT),K (WT),H (WT),P (WT),F (WT),M (WT),L (WT),P (WT),K (WT),F,G (WT),N (WT),L (WT),V (WT),,G (WT),K (WT),,L (WT),D (WT),V (WT),L (WT),E (WT),M (WT),K (WT),M (WT),I (WT),G (WT),I (WT),F (WT),I (WT),Q (WT),D (WT),I (WT),L (WT),A (WT),G (WT),T (WT),L (WT),V (WT),V (WT),N (WT),I (WT),I (WT),N (WT),L (WT),M,I (WT)
CAS097,M (WT),,A (WT),K (WT),D (WT),T (WT),K (WT),L (WT),V (WT),F (WT),V (WT),A (WT),L (WT),K (WT),K (WT),V (WT),V (WT),G (WT),Y (WT),F (WT),V (WT),E (WT),Q (WT),V (WT),Y (WT),M (WT),N,G (WT),L (WT),T (WT),K (WT),H (WT),P (WT),F (WT),M (WT),L (WT),P (WT),,,,N (WT),L (WT),V (WT),,G (WT),K (WT),,L (WT),D (WT),V (WT),L (WT),E (WT),M (WT),K (WT),M (WT),I (WT),G (WT),I (WT),F (WT),I (WT),Q (WT),D (WT),I (WT),L (WT),A (WT),G (WT),T (WT),L (WT),V (WT),V (WT),N (WT),I (WT),I (WT),N (WT),L (WT),M,I (WT)
CAS098,M (WT),E (WT),A (WT),K (WT),D (WT),T (WT),K (WT),L (WT),V (WT),F (WT),V (WT),A (WT),L (WT),K (WT),K (WT),M,V (WT),G (WT),Y (WT),F (WT),V (WT),E (WT),Q (WT),V (WT),Y (WT),V,L,G (WT),L (WT),Y,K (WT),H (WT),P (WT),F (WT),M (WT),L (WT),P (WT),K (WT),,G (WT),N (WT),L (WT),V (WT),,G (WT),K (WT),,L (WT),D (WT),V (WT),L (WT),E (WT),M (WT),K (WT),M (WT),I (WT),G (WT),I (WT),F (WT),I (WT),Q (WT),D (WT),I (WT),L (WT),A (WT),G (WT),T (WT),L (WT),V (WT),V (WT),N (WT),I (WT),I (WT),N (WT),L (WT),M,I (WT)
CAS099,M (WT),E (WT),A (WT),R,D (WT),T (WT),K (WT),L (WT),V (WT),F (WT),V (WT),A (WT),L (WT),K (WT),K (WT),M,V (WT),G (WT),Y (WT),F (WT),V (WT),E (WT),Q (WT),D,Y (WT),M (WT),N,G (WT),L (WT),T (WT),K (WT),H (WT),P (WT),F (WT),M (WT),L (WT),P (WT),K (WT),,G (WT),N (WT),L (WT),V (WT),,G (WT),K (WT),,L (WT),D (WT),V (WT),L (WT),E (WT),M (WT),K (WT),M (WT),I (WT),G (WT),I (WT),F (WT),I (WT),Q (WT),D (WT),I (WT),L (WT),A (WT),G (WT),T (WT),L (WT),V (WT),V (WT),N (WT),I (WT),I (WT),N (WT),L (WT),M,I (WT)
CAS100,M (WT),E (WT),A (WT),R,D (WT),T (WT),K (WT),V,V (WT),F (WT),V (WT),A (WT),L (WT),K (WT),K (WT),V (WT),V (WT),G (WT),F,F (WT),V (WT),E (WT),Q (WT),V (WT),Y (WT),M (WT),N,E,L (WT),T (WT),K (WT),H (WT),P (WT),F (WT),M (WT),L (WT),P (WT),K (WT),Y (WT),G (WT),N (WT),L (WT),V (WT),,G (WT),K (WT),,L (WT),D (WT),V (WT),L (WT),E (WT),M (WT),K (WT),M (WT),I (WT),G (WT),I (WT),F (WT),I (WT),Q (WT),D (WT),I (WT),L (WT),A (WT),G (WT),T (WT),L (WT),V (WT),V (WT),N (WT),I (WT),I (WT),N (WT),L (WT),M,I (WT)
CAS101,,,,,,,,,,,,,,,,,,,,,,,,,,,,,,,,,,,,,,,,,,,,,,,,,,,,,,,,,,,,,,,,,,,,,,,,,,,,,
CAS102,M (WT),E (WT),A (WT),K (WT),D (WT),T (WT),K (WT),L (WT),V (WT),F (WT),V (WT),A (WT),L (WT),K (WT),K (WT),M,V (WT),G (WT),Y (WT),F (WT),V (WT),E (WT),Q (WT),V (WT),Y (WT),V,N,A,L (WT),T (WT),K (WT),H (WT),P (WT),L,M (WT),L (WT),P (WT),K (WT),Y (WT),G (WT),N (WT),L (WT),V (WT),,G (WT),K (WT),,L (WT),D (WT),V (WT),L (WT),E (WT),M (WT),K (WT),M (WT),I (WT),G (WT),I (WT),F (WT),I (WT),Q (WT),D (WT),I (WT),L (WT),A (WT),G (WT),T (WT),L (WT),V (WT),V (WT),N (WT),I (WT),I (WT),N (WT),L (WT),M,I (WT)
CAS103,M (WT),E (WT),A (WT),K (WT),D (WT),T (WT),K (WT),L (WT),V (WT),F (WT),V (WT),A (WT),L (WT),N,N,V (WT),I,G (WT),Y (WT),F (WT),V (WT),E (WT),Q (WT),V (WT),Y (WT),V,N,G (WT),L (WT),T (WT),K (WT),H (WT),P (WT),F (WT),M (WT),L (WT),P (WT),K (WT),Y (WT),G (WT),I,L (WT),V (WT),,G (WT),K (WT),,L (WT),D (WT),V (WT),L (WT),E (WT),M (WT),K (WT),M (WT),I (WT),G (WT),I (WT),F (WT),I (WT),Q (WT),D (WT),I (WT),L (WT),A (WT),G (WT),T (WT),L (WT),V (WT),V (WT),N (WT),I (WT),I (WT),N (WT),L (WT),M,I (WT)
CAS104,M (WT),E (WT),A (WT),R,D (WT),T (WT),K (WT),L (WT),V (WT),F (WT),V (WT),A (WT),L (WT),N,N,M,V (WT),G (WT),Y (WT),F (WT),V (WT),E (WT),Q (WT),V (WT),Y (WT),I,N,G (WT),L (WT),T (WT),K (WT),H (WT),P (WT),F (WT),M (WT),L (WT),P (WT),K (WT),Y (WT),G (WT),N (WT),L (WT),V (WT),,G (WT),K (WT),,L (WT),D (WT),V (WT),L (WT),E (WT),M (WT),K (WT),M (WT),I (WT),G (WT),I (WT),F (WT),I (WT),Q (WT),D (WT),I (WT),L (WT),A (WT),G (WT),T (WT),L (WT),V (WT),V (WT),N (WT),I (WT),I (WT),N (WT),L (WT),M,I (WT)
CAS105,M (WT),E (WT),A (WT),K (WT),G,T (WT),R,L (WT),V (WT),F (WT),I,A (WT),L (WT),N,N,V (WT),I,G (WT),Y (WT),F (WT),V (WT),E (WT),Q (WT),V (WT),C,I,N,A,L (WT),T (WT),Q,Y,P (WT),F (WT),M (WT),L (WT),P (WT),K (WT),Y (WT),G (WT),N (WT),L (WT),V (WT),,G (WT),K (WT),,L (WT),D (WT),V (WT),L (WT),E (WT),M (WT),K (WT),M (WT),I (WT),G (WT),I (WT),F (WT),I (WT),Q (WT),D (WT),I (WT),L (WT),A (WT),G (WT),T (WT),L (WT),V (WT),V (WT),N (WT),I (WT),I (WT),N (WT),L (WT),M,I (WT)
CAS106,M (WT),E (WT),A (WT),R,D (WT),T (WT),K (WT),L (WT),V (WT),F (WT),V (WT),A (WT),L (WT),K (WT),K (WT),M,V (WT),G (WT),Y (WT),F (WT),V (WT),E (WT),Q (WT),D,Y (WT),M (WT),C,G (WT),L (WT),T (WT),K (WT),H (WT),P (WT),F (WT),M (WT),L (WT),P (WT),K (WT),Y (WT),G (WT),N (WT),L (WT),V (WT),,G (WT),K (WT),,L (WT),D (WT),V (WT),L (WT),E (WT),M (WT),K (WT),M (WT),I (WT),G (WT),I (WT),F (WT),I (WT),Q (WT),D (WT),I (WT),L (WT),A (WT),G (WT),T (WT),L (WT),V (WT),V (WT),N (WT),I (WT),I (WT),N (WT),L (WT),M,I (WT)
CAS107,M (WT),E (WT),A (WT),R,N,T (WT),K (WT),L (WT),I,F (WT),V (WT),A (WT),L (WT),K (WT),R,A,V (WT),G (WT),F,F (WT),V (WT),E (WT),Q (WT),V (WT),Y (WT),M (WT),N,E,L (WT),T (WT),E,H (WT),P (WT),F (WT),M (WT),L (WT),P (WT),K (WT),Y (WT),G (WT),N (WT),L (WT),V (WT),,G (WT),K (WT),,L (WT),D (WT),V (WT),L (WT),E (WT),M (WT),K (WT),M (WT),I (WT),G (WT),I (WT),F (WT),I (WT),Q (WT),D (WT),I (WT),L (WT),A (WT),G (WT),T (WT),L (WT),V (WT),V (WT),N (WT),I (WT),I (WT),N (WT),L (WT),M,I (WT)
CAS108,M (WT),E (WT),A (WT),R,N,T (WT),K (WT),L (WT),V (WT),F (WT),V (WT),A (WT),L (WT),N,N,M,V (WT),G (WT),Y (WT),F (WT),V (WT),E (WT),Q (WT),V (WT),Y (WT),M (WT),N,G (WT),L (WT),T (WT),K (WT),H (WT),P (WT),F (WT),M (WT),L (WT),P (WT),K (WT),Y (WT),G (WT),N (WT),L (WT),V (WT),,G (WT),K (WT),,L (WT),D (WT),V (WT),L (WT),E (WT),M (WT),K (WT),M (WT),I (WT),G (WT),I (WT),F (WT),I (WT),Q (WT),D (WT),I (WT),L (WT),A (WT),G (WT),T (WT),L (WT),V (WT),V (WT),N (WT),I (WT),I (WT),N (WT),L (WT),M,I (WT)
CAS109,M (WT),E (WT),A (WT),R,D (WT),D,K (WT),L (WT),V (WT),F (WT),I,A (WT),L (WT),E,K (WT),V (WT),V (WT),G (WT),Y (WT),F (WT),V (WT),K,Q (WT),V (WT),Y (WT),M (WT),N,E,L (WT),T (WT),K (WT),H (WT),P (WT),F (WT),M (WT),L (WT),P (WT),K (WT),Y (WT),G (WT),N (WT),L (WT),V (WT),,G (WT),K (WT),,L (WT),D (WT),V (WT),L (WT),E (WT),M (WT),K (WT),M (WT),I (WT),G (WT),I (WT),F (WT),I (WT),Q (WT),D (WT),I (WT),L (WT),A (WT),G (WT),T (WT),L (WT),V (WT),V (WT),N (WT),I (WT),I (WT),N (WT),L (WT),M,I (WT)
CAS110,M (WT),E (WT),A (WT),K (WT),D (WT),T (WT),K (WT),L (WT),V (WT),F (WT),I,A (WT),L (WT),K (WT),K (WT),M,V (WT),G (WT),Y (WT),F (WT),V (WT),E (WT),Q (WT),V (WT),C,V,N,G (WT),L (WT),T (WT),K (WT),Y,P (WT),L,M (WT),L (WT),P (WT),K (WT),Y (WT),G (WT),N (WT),L (WT),V (WT),,G (WT),K (WT),,L (WT),D (WT),V (WT),L (WT),E (WT),M (WT),K (WT),M (WT),I (WT),G (WT),I (WT),F (WT),I (WT),Q (WT),D (WT),I (WT),L (WT),A (WT),G (WT),T (WT),L (WT),V (WT),V (WT),N (WT),I (WT),I (WT),N (WT),L (WT),M,I (WT)
CAS111,M (WT),,A (WT),R,D (WT),D,K (WT),L (WT),V (WT),F (WT),V (WT),A (WT),L (WT),Other,K (WT),V (WT),V (WT),G (WT),Y (WT),F (WT),V (WT),E (WT),Q (WT),V (WT),C,Other,Y (WT),S,L (WT),T (WT),K (WT),H (WT),P (WT),F (WT),M (WT),,,,Y (WT),,N (WT),I,V (WT),,G (WT),K (WT),,L (WT),D (WT),V (WT),L (WT),,M (WT),K (WT),M (WT),,G (WT),I (WT),F (WT),I (WT),Q (WT),D (WT),I (WT),L (WT),A (WT),G (WT),T (WT),L (WT),V (WT),V (WT),N (WT),I (WT),I (WT),N (WT),L (WT),L (WT),I (WT)
CAS112,M (WT),,A (WT),R,D (WT),T (WT),K (WT),L (WT),V (WT),F (WT),I,A (WT),L (WT),K (WT),K (WT),M,V (WT),G (WT),Y (WT),F (WT),V (WT),E (WT),Q (WT),D,C,M (WT),Y (WT),G (WT),L (WT),T (WT),K (WT),H (WT),P (WT),F (WT),M (WT),,,,Y (WT),,N (WT),L (WT),V (WT),,G (WT),K (WT),,L (WT),D (WT),V (WT),L (WT),,M (WT),K (WT),M (WT),I (WT),G (WT),I (WT),F (WT),I (WT),Q (WT),D (WT),I (WT),L (WT),A (WT),G (WT),T (WT),L (WT),V (WT),V (WT),N (WT),I (WT),I (WT),N (WT),L (WT),L (WT),I (WT)
CAS113,M (WT),,A (WT),K (WT),D (WT),T (WT),K (WT),L (WT),V (WT),F (WT),V (WT),A (WT),L (WT),K (WT),K (WT),V (WT),V (WT),G (WT),Y (WT),F (WT),,E (WT),Q (WT),V (WT),Y (WT),M (WT),Y (WT),G (WT),L (WT),T (WT),K (WT),H (WT),P (WT),F (WT),M (WT),,,,Y (WT),,N (WT),L (WT),V (WT),,G (WT),K (WT),,L (WT),D (WT),V (WT),L (WT),,M (WT),K (WT),M (WT),I (WT),G (WT),I (WT),F (WT),I (WT),Q (WT),D (WT),I (WT),L (WT),Other,G (WT),T (WT),L (WT),V (WT),V (WT),N (WT),I (WT),I (WT),N (WT),L (WT),L (WT),I (WT)
CAS114,M (WT),,A (WT),R,D (WT),T (WT),K (WT),L (WT),V (WT),F (WT),V (WT),A (WT),L (WT),K (WT),K (WT),M,V (WT),G (WT),F,F (WT),,E (WT),Q (WT),D,Y (WT),V,Y (WT),G (WT),L (WT),T (WT),K (WT),H (WT),P (WT),L,M (WT),,,,Y (WT),,,L (WT),V (WT),,G (WT),K (WT),,L (WT),D (WT),V (WT),L (WT),,M (WT),K (WT),M (WT),I (WT),G (WT),I (WT),F (WT),I (WT),Q (WT),D (WT),I (WT),L (WT),A (WT),G (WT),T (WT),L (WT),V (WT),V (WT),N (WT),I (WT),I (WT),N (WT),L (WT),L (WT),I (WT)
CAS115,M (WT),,A (WT),R,D (WT),T (WT),K (WT),L (WT),V (WT),F (WT),V (WT),A (WT),L (WT),K (WT),K (WT),M,V (WT),G (WT),Y (WT),F (WT),,E (WT),Q (WT),V (WT),Y (WT),M (WT),L,G (WT),L (WT),T (WT),K (WT),H (WT),P (WT),F (WT),M (WT),,,,Y (WT),,N (WT),L (WT),V (WT),,G (WT),K (WT),,L (WT),D (WT),V (WT),L (WT),,M (WT),K (WT),M (WT),I (WT),G (WT),I (WT),F (WT),I (WT),Q (WT),D (WT),I (WT),L (WT),A (WT),G (WT),T (WT),L (WT),V (WT),V (WT),N (WT),I (WT),I (WT),N (WT),L (WT),L (WT),I (WT)
CAS116,M (WT),,A (WT),R,D (WT),T (WT),K (WT),L (WT),V (WT),F (WT),V (WT),A (WT),L (WT),K (WT),N,Other,Other,G (WT),Y (WT),F (WT),,E (WT),Q (WT),V (WT),Other,V,Y (WT),G (WT),L (WT),T (WT),K (WT),H (WT),P (WT),F (WT),M (WT),,,,Y (WT),,N (WT),L (WT),V (WT),,G (WT),K (WT),,L (WT),D (WT),V (WT),L (WT),,M (WT),K (WT),M (WT),I (WT),G (WT),I (WT),F (WT),I (WT),Q (WT),D (WT),I (WT),L (WT),A (WT),G (WT),T (WT),L (WT),V (WT),V (WT),N (WT),I (WT),I (WT),N (WT),L (WT),L (WT),I (WT)
CAS117,M (WT),,A (WT),K (WT),D (WT),T (WT),K (WT),L (WT),V (WT),F (WT),V (WT),A (WT),L (WT),K (WT),K (WT),Other,V (WT),G (WT),Y (WT),F (WT),,E (WT),Q (WT),V (WT),Y (WT),M (WT),Y (WT),G (WT),L (WT),T (WT),K (WT),H (WT),P (WT),F (WT),M (WT),,,,Y (WT),,N (WT),L (WT),V (WT),,G (WT),K (WT),,L (WT),D (WT),V (WT),L (WT),,M (WT),K (WT),M (WT),I (WT),G (WT),I (WT),F (WT),I (WT),Q (WT),D (WT),I (WT),L (WT),A (WT),G (WT),T (WT),L (WT),V (WT),V (WT),N (WT),I (WT),I (WT),N (WT),L (WT),L (WT),I (WT)
CAS118,M (WT),,A (WT),K (WT),D (WT),T (WT),K (WT),L (WT),V (WT),F (WT),V (WT),A (WT),,K (WT),Other,V (WT),V (WT),G (WT),Y (WT),F (WT),,E (WT),Q (WT),V (WT),Y (WT),M (WT),Y (WT),G (WT),L (WT),T (WT),K (WT),H (WT),P (WT),F (WT),M (WT),,,,Y (WT),,N (WT),L (WT),V (WT),,G (WT),K (WT),,L (WT),D (WT),V (WT),L (WT),E (WT),M (WT),K (WT),M (WT),I (WT),G (WT),I (WT),F (WT),I (WT),Q (WT),D (WT),I (WT),L (WT),A (WT),G (WT),T (WT),L (WT),V (WT),V (WT),N (WT),I (WT),I (WT),N (WT),L (WT),L (WT),I (WT)
CAS119,M (WT),,A (WT),K (WT),D (WT),T (WT),K (WT),L (WT),,F (WT),V (WT),A (WT),L (WT),K (WT),N,V (WT),Other,G (WT),Y (WT),F (WT),,E (WT),Q (WT),V (WT),Y (WT),V,Y (WT),G (WT),L (WT),T (WT),,,Other,F (WT),M (WT),,,,,,N (WT),L (WT),V (WT),,G (WT),K (WT),,L (WT),D (WT),V (WT),L (WT),,M (WT),K (WT),M (WT),I (WT),G (WT),I (WT),F (WT),I (WT),Q (WT),D (WT),I (WT),L (WT),A (WT),G (WT),T (WT),L (WT),V (WT),V (WT),N (WT),I (WT),I (WT),N (WT),L (WT),L (WT),I (WT)
CAS120,M (WT),,A (WT),K (WT),D (WT),T (WT),K (WT),L (WT),V (WT),F (WT),V (WT),A (WT),L (WT),K (WT),K (WT),M,V (WT),G (WT),Y (WT),F (WT),V (WT),E (WT),Q (WT),D,Y (WT),V,Y (WT),G (WT),L (WT),T (WT),K (WT),H (WT),P (WT),F (WT),M (WT),,,,Y (WT),,N (WT),L (WT),V (WT),,G (WT),K (WT),,L (WT),D (WT),V (WT),L (WT),,M (WT),K (WT),M (WT),I (WT),G (WT),I (WT),F (WT),I (WT),Q (WT),D (WT),I (WT),L (WT),A (WT),G (WT),T (WT),L (WT),V (WT),V (WT),N (WT),I (WT),I (WT),N (WT),L (WT),L (WT),I (WT)
CAS121,M (WT),,A (WT),K (WT),D (WT),T (WT),K (WT),L (WT),V (WT),F (WT),V (WT),A (WT),L (WT),K (WT),N,V (WT),V (WT),G (WT),Y (WT),F (WT),,E (WT),Q (WT),V (WT),Y (WT),Other,Y (WT),G (WT),L (WT),T (WT),K (WT),H (WT),P (WT),C,M (WT),,,,Y (WT),,N (WT),L (WT),V (WT),,G (WT),K (WT),,L (WT),D (WT),V (WT),L (WT),,M (WT),K (WT),M (WT),I (WT),G (WT),I (WT),F (WT),I (WT),Q (WT),D (WT),I (WT),L (WT),A (WT),G (WT),T (WT),L (WT),V (WT),V (WT),N (WT),I (WT),I (WT),N (WT),L (WT),L (WT),I (WT)
CAS122,M (WT),,A (WT),K (WT),D (WT),T (WT),K (WT),L (WT),V (WT),F (WT),V (WT),A (WT),L (WT),K (WT),N,V (WT),V (WT),G (WT),Y (WT),F (WT),,E (WT),Q (WT),V (WT),Y (WT),V,Y (WT),A,L (WT),T (WT),K (WT),H (WT),P (WT),F (WT),M (WT),,,,Y (WT),,I,L (WT),V (WT),,G (WT),K (WT),,L (WT),D (WT),V (WT),L (WT),,M (WT),K (WT),M (WT),I (WT),G (WT),I (WT),F (WT),I (WT),Q (WT),D (WT),I (WT),L (WT),A (WT),G (WT),T (WT),L (WT),V (WT),V (WT),N (WT),I (WT),I (WT),N (WT),L (WT),L (WT),I (WT)
CAS123,M (WT),,A (WT),R,D (WT),T (WT),K (WT),L (WT),V (WT),F (WT),V (WT),A (WT),L (WT),K (WT),N,V (WT),V (WT),G (WT),Y (WT),F (WT),,E (WT),Q (WT),V (WT),Y (WT),M (WT),Y (WT),G (WT),L (WT),T (WT),K (WT),H (WT),P (WT),F (WT),M (WT),,,,Y (WT),,N (WT),L (WT),V (WT),,G (WT),K (WT),,L (WT),D (WT),V (WT),L (WT),,M (WT),K (WT),M (WT),I (WT),G (WT),I (WT),F (WT),I (WT),Q (WT),D (WT),I (WT),L (WT),A (WT),G (WT),T (WT),L (WT),V (WT),V (WT),N (WT),I (WT),I (WT),N (WT),L (WT),L (WT),I (WT)
CAS124,M (WT),,A (WT),R,D (WT),T (WT),K (WT),L (WT),V (WT),F (WT),I,A (WT),L (WT),K (WT),N,V (WT),V (WT),G (WT),Y (WT),F (WT),,E (WT),Q (WT),V (WT),I,V,Y (WT),G (WT),L (WT),T (WT),K (WT),H (WT),P (WT),F (WT),M (WT),,,,Y (WT),,N (WT),L (WT),V (WT),,G (WT),K (WT),,L (WT),D (WT),V (WT),L (WT),,M (WT),K (WT),M (WT),I (WT),G (WT),I (WT),F (WT),I (WT),Q (WT),D (WT),I (WT),L (WT),A (WT),G (WT),T (WT),L (WT),V (WT),V (WT),N (WT),I (WT),I (WT),N (WT),L (WT),L (WT),I (WT)
CAS125,M (WT),,V,K (WT),D (WT),T (WT),K (WT),L (WT),V (WT),F (WT),V (WT),A (WT),L (WT),K (WT),K (WT),M,V (WT),,Y (WT),F (WT),,E (WT),Q (WT),V (WT),Y (WT),V,Y (WT),A,L (WT),T (WT),K (WT),H (WT),P (WT),L,M (WT),,,,Y (WT),,N (WT),L (WT),V (WT),,G (WT),K (WT),,,D (WT),V (WT),L (WT),,M (WT),K (WT),M (WT),I (WT),G (WT),I (WT),F (WT),I (WT),Q (WT),D (WT),I (WT),L (WT),A (WT),G (WT),T (WT),L (WT),V (WT),V (WT),N (WT),I (WT),I (WT),N (WT),L (WT),L (WT),I (WT)
CAS126,,,,,,,,,,,,,,,,,,,,,,,,,,,,,,,,,,,,,,,,,,,,,,,,,,,,,,,,,,,,,,,,,,,,,,,,,,,,,
CAS127,,,,,,,,,,,,,,,,,,,,,,,,,,,,,,,,,,,,,,,,,,,,,,,,,,,,,,,,,,,,,,,,,,,,,,,,,,,,,
CAS128,M (WT),,A (WT),K (WT),D (WT),T (WT),K (WT),L (WT),V (WT),F (WT),V (WT),A (WT),L (WT),K (WT),N,V (WT),V (WT),G (WT),Y (WT),F (WT),,A,Q (WT),V (WT),Y (WT),M (WT),Y (WT),G (WT),L (WT),T (WT),K (WT),H (WT),P (WT),F (WT),M (WT),,,,Y (WT),,N (WT),L (WT),V (WT),,G (WT),K (WT),,L (WT),D (WT),V (WT),L (WT),,M (WT),K (WT),M (WT),I (WT),G (WT),I (WT),F (WT),I (WT),Q (WT),D (WT),I (WT),L (WT),A (WT),G (WT),T (WT),L (WT),V (WT),V (WT),N (WT),I (WT),I (WT),N (WT),L (WT),L (WT),I (WT)
CAS129,M (WT),,A (WT),R,N,T (WT),E,L (WT),V (WT),F (WT),I,A (WT),L (WT),K (WT),K (WT),V (WT),V (WT),G (WT),Y (WT),F (WT),,A,Q (WT),V (WT),Y (WT),M (WT),Y (WT),E,L (WT),T (WT),K (WT),H (WT),P (WT),F (WT),M (WT),,,,Y (WT),,N (WT),L (WT),V (WT),,G (WT),K (WT),,L (WT),D (WT),V (WT),L (WT),,M (WT),K (WT),M (WT),I (WT),G (WT),I (WT),F (WT),I (WT),Q (WT),D (WT),I (WT),L (WT),A (WT),G (WT),T (WT),L (WT),V (WT),V (WT),N (WT),I (WT),I (WT),N (WT),L (WT),L (WT),I (WT)
CAS130,M (WT),,A (WT),K (WT),D (WT),T (WT),E,L (WT),,F (WT),I,A (WT),L (WT),K (WT),N,V (WT),V (WT),G (WT),Y (WT),F (WT),,G,Q (WT),E,Y (WT),V,Y (WT),G (WT),L (WT),T (WT),K (WT),H (WT),P (WT),F (WT),M (WT),,,,Y (WT),,N (WT),L (WT),V (WT),,G (WT),K (WT),,L (WT),D (WT),V (WT),L (WT),E (WT),M (WT),K (WT),M (WT),I (WT),G (WT),I (WT),F (WT),I (WT),Q (WT),D (WT),I (WT),L (WT),A (WT),G (WT),T (WT),L (WT),V (WT),V (WT),N (WT),I (WT),I (WT),N (WT),L (WT),L (WT),I (WT)
CAS131,,,,,,,,,,,,,,,,,,,,,,,,,,,,,,,,,,,,,,,,,,,,,,,,,,,,,,,,,,,,,,,,,,,,,,,,,,,,,
CAS132,M (WT),,A (WT),R,D (WT),T (WT),K (WT),L (WT),V (WT),F (WT),V (WT),A (WT),L (WT),K (WT),R,V (WT),V (WT),G (WT),Y (WT),F (WT),,E (WT),Q (WT),D,Y (WT),I,C,G (WT),L (WT),T (WT),K (WT),H (WT),P (WT),F (WT),,,,,Y (WT),,N (WT),Other,V (WT),,G (WT),K (WT),,L (WT),D (WT),V (WT),L (WT),E (WT),M (WT),K (WT),M (WT),I (WT),G (WT),I (WT),F (WT),I (WT),Q (WT),D (WT),I (WT),L (WT),A (WT),G (WT),T (WT),L (WT),V (WT),V (WT),N (WT),I (WT),I (WT),N (WT),L (WT),L (WT),I (WT)
CAS133,M (WT),,A (WT),R,D (WT),T (WT),K (WT),L (WT),V (WT),F (WT),I,A (WT),L (WT),K (WT),K (WT),V (WT),V (WT),G (WT),Y (WT),F (WT),,E (WT),Q (WT),V (WT),C,I,Y (WT),G (WT),L (WT),T (WT),K (WT),H (WT),P (WT),F (WT),M (WT),,,,Y (WT),,N (WT),L (WT),V (WT),,G (WT),K (WT),L (WT),L (WT),D (WT),V (WT),L (WT),E (WT),M (WT),K (WT),M (WT),I (WT),G (WT),I (WT),F (WT),I (WT),Q (WT),D (WT),I (WT),L (WT),A (WT),G (WT),T (WT),L (WT),V (WT),V (WT),N (WT),I (WT),I (WT),N (WT),L (WT),L (WT),I (WT)
CAS134,M (WT),,A (WT),K (WT),N,T (WT),E,L (WT),V (WT),F (WT),Other,A (WT),L (WT),E,K (WT),M,V (WT),G (WT),Y (WT),F (WT),,E (WT),Q (WT),V (WT),Y (WT),V,Y (WT),A,L (WT),T (WT),K (WT),H (WT),P (WT),L,M (WT),,,,Y (WT),,N (WT),L (WT),V (WT),,G (WT),K (WT),,L (WT),D (WT),V (WT),L (WT),,M (WT),K (WT),M (WT),I (WT),G (WT),I (WT),F (WT),I (WT),Q (WT),D (WT),I (WT),L (WT),A (WT),G (WT),T (WT),L (WT),V (WT),V (WT),N (WT),I (WT),I (WT),N (WT),L (WT),L (WT),I (WT)
CAS135,M (WT),,A (WT),K (WT),D (WT),T (WT),K (WT),L (WT),V (WT),F (WT),V (WT),A (WT),L (WT),K (WT),K (WT),M,V (WT),G (WT),Y (WT),F (WT),,E (WT),Q (WT),D,Y (WT),V,Y (WT),G (WT),L (WT),T (WT),K (WT),H (WT),P (WT),F (WT),M (WT),,,,Y (WT),,N (WT),L (WT),V (WT),,G (WT),K (WT),,L (WT),D (WT),V (WT),L (WT),E (WT),M (WT),K (WT),M (WT),I (WT),G (WT),I (WT),F (WT),I (WT),Q (WT),D (WT),I (WT),L (WT),A (WT),G (WT),T (WT),L (WT),V (WT),V (WT),N (WT),I (WT),I (WT),N (WT),L (WT),L (WT),I (WT)
CAS136,M (WT),,A (WT),K (WT),D (WT),T (WT),K (WT),L (WT),V (WT),F (WT),V (WT),A (WT),L (WT),K (WT),K (WT),M,I,G (WT),Y (WT),F (WT),,A,Q (WT),V (WT),Y (WT),V,Y (WT),A,L (WT),T (WT),K (WT),H (WT),P (WT),F (WT),M (WT),,,,Y (WT),,N (WT),L (WT),V (WT),,G (WT),K (WT),,L (WT),D (WT),V (WT),L (WT),,M (WT),K (WT),M (WT),I (WT),G (WT),I (WT),F (WT),I (WT),Q (WT),D (WT),I (WT),L (WT),A (WT),G (WT),T (WT),L (WT),V (WT),V (WT),N (WT),I (WT),I (WT),N (WT),L (WT),L (WT),I (WT)
CAS137,,,,,,,,,,,,,,,,,,,,,,,,,,,,,,,,,,,,,,,,,,,,,,,,,,,,,,,,,,,,,,,,,,,,,,,,,,,,,
CAS138,,,,,,,,,,,,,,,,,,,,,,,,,,,,,,,,,,,,,,,,,,,,,,,,,,,,,,,,,,,,,,,,,,,,,,,,,,,,,
CAS139,,,,,,,,,,,,,,,,,,,,,,,,,,,,,,,,,,,,,,,,,,,,,,,,,,,,,,,,,,,,,,,,,,,,,,,,,,,,,
CAS140,M (WT),E (WT),A (WT),R,D (WT),T (WT),K (WT),L (WT),V (WT),F (WT),V (WT),A (WT),L (WT),K (WT),K (WT),M,V (WT),G (WT),Y (WT),F (WT),,E (WT),Q (WT),D,Y (WT),M (WT),Y (WT),G (WT),L (WT),T (WT),K (WT),H (WT),P (WT),F (WT),M (WT),,,,Y (WT),,N (WT),L (WT),V (WT),,G (WT),K (WT),,L (WT),D (WT),V (WT),L (WT),,M (WT),K (WT),M (WT),I (WT),G (WT),I (WT),F (WT),I (WT),Q (WT),D (WT),I (WT),L (WT),A (WT),G (WT),T (WT),L (WT),V (WT),V (WT),N (WT),I (WT),I (WT),N (WT),L (WT),L (WT),I (WT)
CAS141,,,,,,,,,,,,,,,,,,,,,,,,,,,,,,,,,,,,,,,,,,,,,,,,,,,,,,,,,,,,,,,,,,,,,,,,,,,,,
CAS142,M (WT),,A (WT),R,D (WT),N,Other,L (WT),M,F (WT),I,A (WT),L (WT),K (WT),K (WT),M,V (WT),G (WT),Y (WT),F (WT),,E (WT),Q (WT),E,C,M (WT),Y (WT),G (WT),L (WT),T (WT),R,Y,P (WT),F (WT),M (WT),,,,Y (WT),,N (WT),I,V (WT),,G (WT),K (WT),,L (WT),D (WT),V (WT),L (WT),,M (WT),K (WT),M (WT),I (WT),G (WT),I (WT),F (WT),I (WT),Q (WT),D (WT),I (WT),L (WT),A (WT),G (WT),T (WT),L (WT),V (WT),V (WT),N (WT),I (WT),I (WT),N (WT),L (WT),L (WT),I (WT)
CAS143,,,,,,,,,,,,,,,,,,,,,,,,,,,,,,,,,,,,,,,,,,,,,,,,,,,,,,,,,,,,,,,,,,,,,,,,,,,,,
CAS144,M (WT),,A (WT),R,D (WT),T (WT),K (WT),L (WT),V (WT),F (WT),V (WT),A (WT),L (WT),E,K (WT),M,V (WT),G (WT),F,F (WT),,E (WT),Q (WT),V (WT),Y (WT),M (WT),Y (WT),A,L (WT),T (WT),K (WT),H (WT),P (WT),F (WT),M (WT),,,,Y (WT),G (WT),N (WT),L (WT),V (WT),,G (WT),K (WT),,L (WT),D (WT),V (WT),L (WT),,M (WT),K (WT),M (WT),I (WT),G (WT),I (WT),F (WT),I (WT),Q (WT),D (WT),I (WT),L (WT),A (WT),G (WT),T (WT),L (WT),V (WT),V (WT),N (WT),I (WT),I (WT),N (WT),L (WT),L (WT),I (WT)
CAS145,M (WT),,A (WT),K (WT),D (WT),T (WT),K (WT),L (WT),V (WT),F (WT),V (WT),A (WT),L (WT),E,K (WT),V (WT),V (WT),G (WT),Y (WT),F (WT),,E (WT),Q (WT),V (WT),Y (WT),V,Y (WT),A,L (WT),T (WT),K (WT),H (WT),P (WT),F (WT),M (WT),,,,Y (WT),,N (WT),L (WT),V (WT),,G (WT),K (WT),,L (WT),D (WT),V (WT),L (WT),,M (WT),K (WT),M (WT),I (WT),G (WT),I (WT),F (WT),I (WT),Q (WT),D (WT),I (WT),L (WT),A (WT),G (WT),T (WT),L (WT),V (WT),V (WT),N (WT),I (WT),I (WT),N (WT),L (WT),L (WT),I (WT)
CAS146,M (WT),E (WT),A (WT),K (WT),D (WT),T (WT),K (WT),L (WT),V (WT),F (WT),V (WT),A (WT),L (WT),K (WT),N,V (WT),V (WT),G (WT),Y (WT),F (WT),,E (WT),Q (WT),V (WT),,V,Y (WT),G (WT),L (WT),T (WT),K (WT),H (WT),P (WT),F (WT),M (WT),,,,Y (WT),,N (WT),L (WT),V (WT),,G (WT),K (WT),,L (WT),D (WT),V (WT),L (WT),,M (WT),K (WT),M (WT),I (WT),G (WT),I (WT),F (WT),I (WT),Q (WT),D (WT),I (WT),L (WT),A (WT),G (WT),T (WT),L (WT),V (WT),V (WT),N (WT),I (WT),I (WT),N (WT),L (WT),L (WT),I (WT)
CAS147,,,,,,,,,,,,,,,,,,,,,,,,,,,,,,,,,,,,,,,,,,,,,,,,,,,,,,,,,,,,,,,,,,,,,,,,,,,,,
CAS148,,,,,,,,,,,,,,,,,,,,,,,,,,,,,,,,,,,,,,,,,,,,,,,,,,,,,,,,,,,,,,,,,,,,,,,,,,,,,
CAS149,M (WT),E (WT),A (WT),K (WT),D (WT),T (WT),K (WT),L (WT),V (WT),F (WT),V (WT),A (WT),L (WT),K (WT),N,V (WT),V (WT),G (WT),Y (WT),F (WT),,E (WT),Q (WT),V (WT),Y (WT),V,H,G (WT),L (WT),T (WT),K (WT),Y,P (WT),F (WT),M (WT),L (WT),P (WT),K (WT),Y (WT),G (WT),N (WT),L (WT),V (WT),,G (WT),K (WT),,L (WT),D (WT),V (WT),L (WT),,M (WT),K (WT),M (WT),I (WT),G (WT),I (WT),F (WT),I (WT),E,D (WT),I (WT),L (WT),A (WT),G (WT),T (WT),L (WT),V (WT),V (WT),N (WT),I (WT),I (WT),N (WT),L (WT),L (WT),I (WT)
CAS150,M (WT),E (WT),V,R,N,T (WT),K (WT),L (WT),I,F (WT),V (WT),A (WT),L (WT),K (WT),K (WT),V (WT),V (WT),G (WT),Y (WT),F (WT),,E (WT),Q (WT),V (WT),Y (WT),M (WT),Y (WT),E,L (WT),T (WT),Other,H (WT),P (WT),F (WT),M (WT),L (WT),P (WT),K (WT),Y (WT),G (WT),N (WT),I,I,,G (WT),K (WT),,L (WT),D (WT),V (WT),L (WT),,M (WT),K (WT),M (WT),I (WT),G (WT),I (WT),F (WT),I (WT),Q (WT),D (WT),I (WT),L (WT),A (WT),G (WT),T (WT),L (WT),V (WT),V (WT),N (WT),I (WT),I (WT),N (WT),L (WT),L (WT),I (WT)
CAS151,M (WT),,A (WT),R,D (WT),T (WT),K (WT),L (WT),V (WT),F (WT),V (WT),G,I,K (WT),R,V (WT),V (WT),G (WT),Y (WT),F (WT),,E (WT),Q (WT),D,Y (WT),Other,Y (WT),G (WT),L (WT),T (WT),K (WT),H (WT),P (WT),F (WT),M (WT),,,,Y (WT),,N (WT),L (WT),V (WT),,G (WT),K (WT),,L (WT),D (WT),V (WT),L (WT),,M (WT),K (WT),M (WT),I (WT),G (WT),I (WT),F (WT),I (WT),Q (WT),D (WT),I (WT),L (WT),A (WT),G (WT),T (WT),L (WT),V (WT),V (WT),N (WT),I (WT),I (WT),N (WT),L (WT),L (WT),I (WT)
CAS152,,,,,,,,,,,,,,,,,,,,,,,,,,,,,,,,,,,,,,,,,,,,,,,,,,,,,,,,,,,,,,,,,,,,,,,,,,,,,
CAS153,M (WT),,A (WT),R,D (WT),T (WT),K (WT),L (WT),V (WT),F (WT),V (WT),A (WT),L (WT),K (WT),N,M,V (WT),G (WT),Y (WT),F (WT),V (WT),E (WT),Q (WT),V (WT),Y (WT),M (WT),Y (WT),G (WT),L (WT),T (WT),K (WT),H (WT),P (WT),F (WT),M (WT),,,,Y (WT),,N (WT),L (WT),V (WT),,G (WT),K (WT),,L (WT),D (WT),V (WT),L (WT),,M (WT),K (WT),M (WT),I (WT),G (WT),I (WT),F (WT),I (WT),Q (WT),D (WT),I (WT),L (WT),A (WT),G (WT),T (WT),L (WT),V (WT),V (WT),N (WT),I (WT),I (WT),N (WT),L (WT),L (WT),I (WT)
CAS154,M (WT),,A (WT),R,D (WT),T (WT),K (WT),L (WT),,F (WT),V (WT),,L (WT),K (WT),K (WT),M,V (WT),G (WT),Y (WT),F (WT),V (WT),E (WT),Q (WT),V (WT),C,M (WT),Y (WT),G (WT),L (WT),T (WT),K (WT),H (WT),P (WT),F (WT),M (WT),,,,Y (WT),,N (WT),V,V (WT),,G (WT),K (WT),,L (WT),D (WT),V (WT),L (WT),,M (WT),K (WT),M (WT),I (WT),G (WT),I (WT),F (WT),I (WT),Q (WT),D (WT),I (WT),L (WT),A (WT),G (WT),T (WT),L (WT),V (WT),V (WT),N (WT),I (WT),I (WT),N (WT),L (WT),L (WT),I (WT)
CAS155,M (WT),,A (WT),K (WT),D (WT),T (WT),K (WT),L (WT),V (WT),F (WT),V (WT),G,L (WT),K (WT),N,V (WT),V (WT),G (WT),Y (WT),F (WT),,E (WT),Q (WT),V (WT),Y (WT),V,Y (WT),G (WT),L (WT),T (WT),K (WT),H (WT),P (WT),F (WT),M (WT),,,,Y (WT),,N (WT),L (WT),V (WT),,G (WT),K (WT),,L (WT),D (WT),V (WT),L (WT),,M (WT),K (WT),I,I (WT),G (WT),I (WT),F (WT),I (WT),Q (WT),D (WT),I (WT),L (WT),A (WT),G (WT),T (WT),L (WT),V (WT),V (WT),N (WT),I (WT),I (WT),N (WT),L (WT),L (WT),I (WT)
CAS156,M (WT),,A (WT),K (WT),D (WT),T (WT),K (WT),L (WT),V (WT),F (WT),V (WT),A (WT),L (WT),K (WT),N,V (WT),V (WT),G (WT),Y (WT),F (WT),,E (WT),Q (WT),V (WT),Y (WT),M (WT),Y (WT),G (WT),L (WT),T (WT),K (WT),H (WT),H,F (WT),M (WT),,P (WT),,Y (WT),,N (WT),L (WT),V (WT),,G (WT),K (WT),,L (WT),D (WT),V (WT),L (WT),,M (WT),K (WT),M (WT),I (WT),G (WT),I (WT),F (WT),I (WT),Q (WT),D (WT),I (WT),L (WT),A (WT),G (WT),T (WT),L (WT),V (WT),V (WT),N (WT),I (WT),I (WT),N (WT),L (WT),L (WT),I (WT)
CAS157,M (WT),,A (WT),K (WT),D (WT),T (WT),K (WT),L (WT),V (WT),F (WT),V (WT),A (WT),L (WT),K (WT),K (WT),V (WT),V (WT),G (WT),Y (WT),F (WT),,E (WT),Q (WT),V (WT),Y (WT),M (WT),Y (WT),G (WT),L (WT),T (WT),K (WT),H (WT),P (WT),F (WT),M (WT),,,,Y (WT),,N (WT),L (WT),V (WT),,G (WT),K (WT),,L (WT),D (WT),V (WT),L (WT),,M (WT),K (WT),M (WT),I (WT),G (WT),I (WT),F (WT),I (WT),Q (WT),D (WT),I (WT),L (WT),A (WT),G (WT),T (WT),L (WT),V (WT),V (WT),N (WT),I (WT),I (WT),N (WT),L (WT),L (WT),I (WT)
CAS158,,,,,,,,,,,,,,,,,,,,,,,,,,,,,,,,,,,,,,,,,,,,,,,,,,,,,,,,,,,,,,,,,,,,,,,,,,,,,
